매크로명,대분류,중분류,소분류,질문 카테고리,모범 답안
공통_첫인사_기본,공통,첫인사,기본,,"안녕하세요! 저는 한국 힐링안과 상담사 KANG입니다.

해외에서 의료 시술을 결정하는 데 신중함이 필요하다는 것을 잘 알고 있습니다. 고객님의 염려를 덜어드리고자 다음과 같은 네 가지 약속을 드립니다.

✅ 힐링안과의 네 가지 약속:
1. 결과로 증명하는 전문성: 원장님이 직접 1:1로 전 과정을 책임집니다.
2. 소통의 장벽 제로: 전문 의료 통역사가 전 과정에 걸쳐 정확하게 도와드립니다.
3. 간편한 결제: 해외 신용카드 또는 현금으로 결제 가능합니다 (텍스리펀 서비스는 제공되지 않습니다).
4. 평생 보증 사후 관리: 평생 치료 보증 서비스를 제공합니다.

고객님의 알고 계신 시력정보,각막두께, 노안 및 다른증상이 있다면 말씀해주시겠어요?
적합한 시술정보를 안내해드리겠습니다!"
공통_첫인사_부재중,공통,공통,부재중,,"힐링안과에 연락해 주셔서 감사합니다.

저희 고객 서비스 시간은 한국 시간(KST) 오전 10시부터 오후 7시까지입니다 (대만 시간(TST) 오전 9시부터 오후 6시까지).

메시지를 잘 받았습니다. 서비스 시간 내에 상담원이 최대한 빠르게 답변드리겠습니다. 잠시만 기다려 주셔서 감사합니다."
병원정보_기본정보_운영시간,병원정보,기본정보,운영시간,병원 진료 시간은 어떻게 되나요? ,"네, 고객님. 저희 병원 진료 시간 내에는 대부분 예약이 가능합니다. 
평일 영업시간은 오전 9:00 ~ 오후 6:30, 금요일 영업시간은 오전 9:00 ~ 오후 9:00, 토요일 오전 9:00 ~ 오후 2:00 입니다. 
다만, 점심시간(오후 1:00 ~ 2:00, 토요일 제외)에는 진료 및 상담 예약이 어렵습니다.
일요일은 정기휴무입니다.
당일수술을 희망하신다면 평일 09:00 ~ 16:30까지, 주말은 09:00 ~ 11:00까지 예약가능합니다.
검사와 상담과 수술까지 소요시간은 약 3시간에서 4시간정도 소요됩니다.
원활한 예약을 위해 희망하시는 날짜와 시간을 알려주시면 가능한 시간을 확인해 드립니다. "
,병원정보,기본정보,운영시간,"토요일에 예약을 잡고 싶은데, 특별히 알아야 할 제한 사항이 있나요?",
,병원정보,기본정보,운영시간,병원 언제까지 영업해요?,
,병원정보,기본정보,운영시간,토요일 예약 늦어도 몇시까지 가능한가요?,
병원정보_기본정보_위치,병원정보,기본정보,위치,위치는 어디에요?,"네, 고객님. 저희 힐링안과의 위치는 서울특별시 강남구 강남대로 470, 808타워 10층 및 11층입니다
신논현역 4번출구에서 도보 3분 거리입니다.
지도: https://maps.app.goo.gl/WjLQg7KZk9Zny12d8 "
가격_결제_할부,가격,결제,할부,수술 비용을 할부로 결제할 수도 있나요?  카드 할부 되나요?,"네, 고객님. 신용카드 결제가 가능하며, 카드사에 따라 무이자 할부 혜택을 이용하실 수 있습니다. 
할부 가능 개월 수는 카드사 정책에 따라 다르므로, 사용하시는 카드사에 문의해 보시는 것이 가장 정확합니다.
와우패스(Wowpass) 결제 방식을 지원하지 않습니다~

고객님의 편의를 위해 다양한 결제 방식을 제공합니다:
현금 결제 💵
신용카드 결제 💳

비자(Visa) 및 마스터카드(MasterCard) 지원
안과 수술은 부가세가 없으므로 세금 환급(Tax Refund)이 필요 없습니다❣"
,가격,결제,할부,카드 할부 되나요?,
가격_결제_수수료,가격,결제,수수료,카드 결제랑 현금 결제 시 수수료가 다른가요? 아니면 동일한가요? ,"네, 고객님. 현금 결제와 카드 결제 시 수술 비용은 동일하며, 카드 결제로 인한 별도의 수수료는 부과되지 않습니다.
할부 가능 개월 수는 카드사 정책에 따라 다르므로, 사용하시는 카드사에 문의해 보시는 것이 가장 정확합니다.
와우패스(Wowpass) 결제 방식을 지원하지 않습니다~

고객님의 편의를 위해 다양한 결제 방식을 제공합니다:
현금 결제 💵
신용카드 결제 💳

비자(Visa) 및 마스터카드(MasterCard) 지원
안과 수술은 부가세가 없으므로 세금 환급(Tax Refund)이 필요 없습니다❣"
,가격,결제,수수료,카드 수수료 있어요?,
가격_결제_신용카드,가격,결제,신용카드,수술비나 진료비를 신용카드로 결제할 수 있나요?,"네, 고객님. 물론입니다. 진료비, 검사비, 수술비 모두 신용카드로 결제 가능합니다.
할부 가능 개월 수는 카드사 정책에 따라 다르므로, 사용하시는 카드사에 문의해 보시는 것이 가장 정확합니다.
와우패스(Wowpass) 결제 방식을 지원하지 않습니다~

고객님의 편의를 위해 다양한 결제 방식을 제공합니다:
현금 결제 💵
신용카드 결제 💳

비자(Visa) 및 마스터카드(MasterCard) 지원
안과 수술은 부가세가 없으므로 세금 환급(Tax Refund)이 필요 없습니다❣"
,가격,결제,신용카드,카드결제 돼요?,
가격_면세_세금환급,가격,면세,세금환급,시력교정 수술 비용에 대해 세금 환급(Tax Refund)을 받을 수 있나요?,"네, 고객님. 안과 수술은 부가세가 없으므로 세금 환급(Tax Refund)이 필요 없습니다❣
할부 가능 개월 수는 카드사 정책에 따라 다르므로, 사용하시는 카드사에 문의해 보시는 것이 가장 정확합니다.
와우패스(Wowpass) 결제 방식을 지원하지 않습니다~

고객님의 편의를 위해 다양한 결제 방식을 제공합니다:
현금 결제 💵
신용카드 결제 💳

비자(Visa) 및 마스터카드(MasterCard) 지원가능합니다!"
,가격,면세,세금환급,세금 환급 돼요?,
가격_시술비용_검사비,가격,시술비용,검사비,검사만 받고 수술을 하지 않을 경우에도 비용이 드나요?,"네, 고객님. 수술 전 정밀 검사는 50여 가지 항목에 걸쳐 진행되며, 수술을 진행하지 않고 검사만 받으실 경우에는 검사비 15만원이 발생합니다. 
만약 검사 후 당일 수술을 진행하시면 검사비는 수술비에 포함되어 별도로 청구되지 않습니다."
,가격,시술비용,검사비,검사비 얼마예요?,
가격_시술비용_추가비용,가격,시술비용,추가비용,수술 후 관리 비용이나 추가로 드는 비용이 있나요?,"네, 고객님. 저희 병원에서 안내해 드리는 수술 비용에는 수술 후 회복에 필요한  자가혈청 안약(PRP)과 정기 검진 비용이 기본적으로 포함되어 있어 별도의 관리 비용은 거의 발생하지 않습니다.
추가비용은 처방전으로 약국에서 구매하는 안약 비용 약 3만원정도 발생합니다."
,가격,시술비용,추가비용,수술하고 추가 비용 있나요?,
,가격,시술비용,추가비용,시력교정 수술에는 어떤 항목들이 포함되어 있나요?,
,가격,시술비용,추가비용,수술에 뭐가 포함돼요?,
가격_이벤트_동반할인,가격,이벤트,동반할인,친구랑 같이 수술하면 할인이 더 있나요? ,"네, 고객님. 친구나 가족과 함께 수술을 진행하시는 경우 안내해드린 수술비용에서 10만원 동반 할인 혜택을 드리고 있습니다. 
또한 당일수술을 진행하신다면 추가로 10만원을 할인해드려 최대 20만원까지 수술비용을 할인해드리고 있습니다.
자세한 할인율과 조건은 상담 시점에 따라 달라질 수 있으니, 방문 상담간 문의해주시면 친절하게 안내해 드리겠습니다."
,가격,이벤트,동반할인,같이 가면 할인되나요?,
가격_이벤트_리뷰,가격,이벤트,리뷰,리뷰 작성이 어렵거나 바빠서 힘들면 어떻게 하나요?,"네, 고객님. 수술 전 정성스러운 방문후기를 작성을 약속해주시면 수술비용에서 10만원 할인 혜택을 드리고 있습니다. 
고객님의 소중한 경험이 다른 분들께 큰 도움이 됩니다.
추가 할인 혜택으로 친구나 가족과 함께 수술을 진행하시는 경우 안내해드린 수술비용에서 10만원 동반 할인 혜택을 드리고 있습니다. 
또한 당일수술을 진행하신다면 추가로 10만원을 할인해드려 3가지 항목중 최대 20만원까지 수술비용을 할인해드리고 있습니다.
자세한 할인율과 조건은 상담 시점에 따라 달라질 수 있으니, 방문 상담간 문의해주시면 친절하게 안내해 드리겠습니다."
,가격,이벤트,리뷰,리뷰는 언제까지 작성해서 보내드려야 하나요?,
,가격,이벤트,리뷰,리뷰를 작성하면 어떤 혜택이 있나요?,
,가격,이벤트,리뷰,리뷰를  꼭 작성해야 하나요?,
,가격,이벤트,리뷰,리뷰 꼭 써야 하나요?,
,가격,이벤트,리뷰,리뷰 언제까지 써야 할인돼요?,
,가격,이벤트,리뷰,리뷰 쓰면 할인해주나요?,
가격_이벤트_첫방문할인,가격,이벤트,첫방문할인,처음 방문하는 고객을 위한 할인이 있나요?,"네, 고객님. 저희 병원에서는 첫 방문 고객님들을 위한 다양한 시즌별 이벤트를 진행하고 있습니다. 
수술 전 정성스러운 방문후기를 작성을 약속해주시면 수술비용에서 10만원 할인 혜택을 드리고 있습니다. 
고객님의 소중한 경험이 다른 분들께 큰 도움이 됩니다.
추가 할인 혜택으로 친구나 가족과 함께 수술을 진행하시는 경우 안내해드린 수술비용에서 10만원 동반 할인 혜택을 드리고 있습니다. 
또한 당일수술을 진행하신다면 추가로 10만원을 할인해드려 3가지 항목중 최대 20만원까지 수술비용을 할인해드리고 있습니다.
자세한 할인율과 조건은 상담 시점에 따라 달라질 수 있으니, 방문 상담간 문의해주시면 친절하게 안내해 드리겠습니다."
,가격,이벤트,첫방문할인,첫 방문 할인 얼마예요?,
가격_이벤트_종류,가격,이벤트,종류,현재 받을 수 있는 특별 할인 혜택에는 어떤 것들이 있나요?,"네, 고객님. 저희 병원에서는 첫 방문 고객님들을 위한 다양한 시즌별 이벤트를 진행하고 있습니다. 
수술 전 정성스러운 방문후기를 작성을 약속해주시면 수술비용에서 10만원 할인 혜택을 드리고 있습니다. 
고객님의 소중한 경험이 다른 분들께 큰 도움이 됩니다.
추가 할인 혜택으로 친구나 가족과 함께 수술을 진행하시는 경우 안내해드린 수술비용에서 10만원 동반 할인 혜택을 드리고 있습니다. 
또한 당일수술을 진행하신다면 추가로 10만원을 할인해드려 3가지 항목중 최대 20만원까지 수술비용을 할인해드리고 있습니다.
자세한 할인율과 조건은 상담 시점에 따라 달라질 수 있으니, 방문 상담간 문의해주시면 친절하게 안내해 드리겠습니다.
진행 중인 이벤트는 시기별로 변동될 수 있으니, 상담 시점에 가장 유리한 혜택으로 적용해 드리겠습니다."
,가격,이벤트,종류,혹시 병원에서 진행하는 댓글 이벤트 같은데 참여할 수 있나요?,
,가격,이벤트,종류,할인 뭐뭐 있어요?,
접수방법_방문전준비_도착후절차,접수방법,방문전준비,도착후절차,병원에 도착하면 어디로 가서 어떻게 해야 하나요?  병원 도착했어요,"네, 고객님. 병원 11층에 도착하시면 바로 정면에 보이는 데스크로 오셔서 예약자 성함을 말씀해주시면 됩니다. 
저희 직원이 친절하게 다음 절차를 안내해 드릴 것입니다. 여권을 꼭 챙겨주셔야합니다!"
,접수방법,방문전준비,도착후절차,병원 도착했어요,
방문전_방문전준비_보호자동행,방문전,방문전준비,보호자동행,수술 당일 보호자나 동행인이 꼭 필요한가요?,"네, 고객님. 수술 직후에는 시야가 다소 흐리고 눈이 부실 수 있어 대중교통 이용이나 운전이 어려울 수 있습니다.
혼자 방문해주셔도 큰 문제는 없지만 안전한 귀가를 위해 보호자와 동행하시는 것을 적극적으로 권장해 드립니다. 
혼자 오실 경우, 귀가 시 대중교통이나 택시를 이용하시는 것이 좋습니다."
,방문전,방문전준비,보호자동행,수술 혼자 가도 되나요?,
방문전_방문전준비_속눈썹,방문전,방문전준비,속눈썹,속눈썹 연장이나 인조 속눈썹을 하고 있어도 수술에 영향이 없나요?   속눈썹 붙이고 수술해도 되나요?  속눈썹 펌 언제?,"네, 고객님. 수술 시 소독 과정과 위생적인 환경 유지를 위해 속눈썹 연장, 펌, 인조 속눈썹은 모두 제거하고 오셔야 합니다. 
속눈썹 펌을 한지 최소 3주정도 지나셨다면 큰 문제는 없습니다.
수술 후에는 눈에 자극을 줄 수 있으므로 최소 1개월이 지난 후에 다시 시술받으시는 것이 안전합니다."
,방문전,방문전준비,속눈썹,피부 관리나 속눈썹 펌 같은 시술은 시력교정 수술 전후 언제가 좋을까요?,
,방문전,방문전준비,속눈썹,속눈썹 붙이고 수술해도 되나요?,
,방문전,방문전준비,속눈썹,속눈썹 펌 언제 가능한가요?,
방문전_방문전준비_콘택트렌즈,방문전,방문전준비,콘택트렌즈,수술이나 검사 전에 콘택트렌즈는 얼마나 빼고 있어야 하나요?  렌즈 언제부터 빼야 돼요?,"네, 고객님. 정확한 검사를 위해 콘택트렌즈 착용을 중단해주셔야 합니다. 
렌즈는 각막의 형태를 일시적으로 변화시켜서 정확한 검사결과를 확인하기 어렵습니다.
렌즈별 미착용기간
- 소프트렌즈: 최소 7일 이상
- 난시용 소프트렌즈 / 하드렌즈(RGP): 최소 3주 이상"
,방문전,방문전준비,콘택트렌즈,렌즈 언제부터 빼야 돼요?,
방문전_방문전준비_성형외과,방문전,방문전준비,성형외과,"얼굴에 붕대를 감고 있는데, 시력교정 검사나 수술을 받을 수 있나요? ","네, 고객님. 다른 치료를 받고 계시거나 특이사항이 있으시다면 검사 및 수술 가능 여부를 정확히 판단하기 위해 내원 시 꼭 말씀해주셔야 합니다. 
얼굴 붕대는 검사에 큰영향을 주지않아 방문해주셔도 괜찮습니다! 시술 내용을 사전에 알려주시면 더 정확한 상담이 가능합니다.
눈주변 시술을 받지않으셨다면 검사와 수술과 상관없기때문에 내원해주셔도 됩니다.
다만, 수술후 시술을 눈주변에 받으시는것은 눈 회복에 지장을 줄 수 있기때문에 피부시술을 진행하기전 상담사에게 꼭 말씀해주셔야 합니다."
방문전_방문전준비_피부과,방문전,방문전준비,피부과,"현재 피부과 치료를 받고 있는데, 병원에 방문해서 상담이나 검사를 받아도 괜찮을까요?",
방문전_방문전준비_피부과,방문전,방문전준비,피부과,피부과 다니는데 안과 가도 돼요?,
방문후_수술후관리_부작용,방문후,수술후관리,부작용,수술 후에도 계속 불편하거나 문제가 있으면 다시 병원에 방문해야 하나요?,"네, 고객님. 수술 후 통증, 시력 저하, 심한 이물감, 빛번짐 등 불편한 증상이 지속된다면 주저하지 마시고 즉시 병원으로 방문해주셔서 전문의의 진료를 받아보시는 것이 가장 중요합니다. 
고객님의 눈 상태를 확인하고 적절한 조치를 취해드리겠습니다.
저희 병원에 방문하기 어려우시다면 가까운 안과에 방문하셔서 상태를 확인하시는것을 권장드립니다.
전자기기를 보시는것을 최대한 자제해주시고 수술후 1개월에서 3개월동안 각막이 회복되는 기간이어서 일시적인 흐릿한 증상이 생길 수 있습니다.
처방받으신 안약과 인공눈물을 꾸준히 점안해주셔야 건조증도 방지할 수 있습니다."
,방문후,수술후관리,부작용,수술 후 불편함을 느끼면 어떻게 해야 하나요?,
,방문후,수술후관리,부작용,수술했는데 계속 아파요,
,방문후,수술후관리,부작용,수술하고 아픈데 어떡하죠?,
,방문후,수술후관리,부작용,수술 후 앞이 뿌옇게 보여요,
,방문후,수술후관리,부작용,수술 후 앞이 잘 안보여요,
,방문후,수술후관리,부작용,수술 후 흐릿하게 보여요,
,방문후,수술후관리,부작용,수술 후 눈이 건조해요,
방문후_수술후관리_야간운전,방문후,수술후관리,야간운전,노안 레이저 수술 후 야간 운전 시 특별히 주의할 점이 있나요?,"네, 고객님. 수술 초기에는 빛 번짐 현상으로 인해 야간 운전 시 불편함을 느낄 수 있습니다. 
대부분 시간이 지나면서 증상이 완화되지만, 회복 기간 중 야간 운전은 가급적 피해주시고, 운전이 꼭 필요한 경우 평소보다 서행하며 안전거리를 충분히 확보하시는 것이 좋습니다."
,방문후,수술후관리,야간운전,노안 수술하고 밤에 운전해도 되나요?,
방문후_수술후관리_운전,방문후,수술후관리,운전,수술후 운전할 수 있나요?,"네, 고객님. 수술 초기에는 빛 번짐, 흐릿함과 같은 일시적인 현상으로 인해 운전 시 불편함을 느낄 수 있습니다. 
대부분 시간이 지나면서 증상이 완화되지만, 회복 기간 중 야간 운전은 가급적 피해주시고, 운전이 꼭 필요한 경우 평소보다 서행하며 안전거리를 충분히 확보하시는 것이 좋습니다."
방문후_수술후관리_음주,방문후,수술후관리,음주,수술 후 언제부터 술을 마셔도 되나요? ,"네, 고객님. 수술 당일에는 눈에 무리가 가지 않도록 충분한 휴식을 취하는 것이 가장 중요합니다. 
수술후 주의사항에 대해서 안내해드리겠습니다!
눈 비비지 않기: 눈을 비비거나 만지는 것을 피해야 합니다. 😊
안약과 인공눈물 사용: 의사의 지시에 따라 안약과 인공눈물을 꾸준히 사용해야 합니다. 💦
자외선 차단: 선글라스, 모자 등을 착용하여 자외선으로부터 눈을 보호해야 합니다. 😎
정기적인 안과 검진: 수술 후에는 정기적으로 안과 검진을 받아 눈 상태를 확인해야 합니다. 🏥
장시간 눈 사용 피하기: 수술 후 약 1주일 동안은 컴퓨터, 스마트폰 등을 장시간 사용하는 것을 피해야 합니다. 😂
사우나 및 수영장 피하기: 수술 후 약 한 달 동안은 사우나와 수영장 이용을 피해야 합니다. 👀
음주 피하기 : 수술 후 음주는 염증을 유발하고 회복을 더디게 할 수 있으므로, 최소 2주간은 반드시 금주하셔야 합니다. 이후 한 달까지는 과음을 피하시는 것이 안전한 회복에 도움이 됩니다."
,방문후,수술후관리,음주,수술하고 술 마셔도 돼요?,
방문후_수술후관리_일상활동,방문후,수술후관리,일상활동,수술 당일에 어떤 활동을 할 수 있나요?,
,방문후,수술후관리,일상활동,수술 당일에 특별히 주의해야 할 점들이 있나요?,
,방문후,수술후관리,일상활동,수술날 뭐 조심해야 돼요?,
방문후_수술후관리_정기검진,방문후,수술후관리,정기검진,수술 후 병원에는 언제 다시 방문해야 하나요?,"네, 고객님. 수술 후 정기 검진 일정은 수술 종류와 개인의 회복 상태에 따라 조금씩 다릅니다. 
일반적으로는 수술 다음 날, 1주 후, 1개월 후, 3개월 후에 방문하시게 되며, 이후 안정적인 시력 유지를 위해 6개월~1년 단위의 정기 검진을 권장합니다.
저희 병원에 방문하기 어려우시다면 동네 안과에서 진료를 받으셔도 문제 없습니다."
,방문후,수술후관리,정기검진,수술하고 언제 병원 가요?,
방문후_수술후관리_성형,방문후,수술후관리,성형,레이저 근시 수술과 얼굴 성형 수술을 같은 날에 할 수 있나요?,"네, 고객님. 안전을 위해 시력교정술과 다른 부위의 성형수술은 동시에 진행하지 않는 것을 원칙으로 합니다. 
특히 수면 마취가 필요한 수술의 경우, 각 수술 사이에 최소 2주의 간격을 두어 몸이 충분히 회복할 시간을 갖는 것이 중요합니다.
꼭 성형하기전 눈 수술한 상황을 상담간 말씀해주셔야 성형에 참고가 될 수 있도록 해주셔야합니다."
,방문후,수술후관리,성형,코 성형수술 회복 기간 중에 레이저 시력교정이나 ICL 수술을 받아도 괜찮을까요? ,"네, 고객님. 다른 치료를 받고 계시거나 특이사항이 있으시다면 검사 및 수술 가능 여부를 정확히 판단하기 위해 내원 시 꼭 말씀해주셔야 합니다. 
코성형은 검사와 성형에 큰영향을 주지않아 방문해주셔도 괜찮습니다! 시술 내용을 사전에 알려주시면 더 정확한 상담이 가능합니다.
눈주변 시술을 받지않으셨다면 검사와 수술과 상관없기때문에 내원해주셔도 됩니다.
다만, 수술후 시술이나 성형을 눈주변에 받으시는것은 눈 회복에 지장을 줄 수 있기때문에 피부시술이나 성형을 진행하기전 상담사에게 꼭 말씀해주셔야 합니다."
,방문후,수술후관리,성형,시력교정 수술과 같은 날이나 다음 날 다른 병원에서 턱 지방흡입 수술을 받아도 괜찮을까요? ,"네, 고객님. 안전을 위해 시력교정술과 다른 부위의 성형수술은 동시에 진행하지 않는 것을 원칙으로 합니다. 
특히 수면 마취가 필요한 수술의 경우, 각 수술 사이에 최소 2주의 간격을 두어 몸이 충분히 회복할 시간을 갖는 것이 중요합니다.
꼭 성형하기전 눈 수술한 상황을 상담간 말씀해주셔야 성형에 참고가 될 수 있도록 해주셔야합니다."
,방문후,수술후관리,성형,성형수술이랑 같이 해도 돼요? ,
,방문후,수술후관리,성형,코 수술하고 눈 수술 언제 가능?,"네, 고객님. 다른 치료를 받고 계시거나 특이사항이 있으시다면 검사 및 수술 가능 여부를 정확히 판단하기 위해 내원 시 꼭 말씀해주셔야 합니다. 
코성형은 검사와 수술에 큰영향을 주지않아 방문해주셔도 괜찮습니다! 시술 내용을 사전에 알려주시면 더 정확한 상담이 가능합니다.
눈주변 시술을 받지않으셨다면 검사와 수술과 상관없기때문에 내원해주셔도 됩니다.
다만, 수술후 시술이나 성형을 눈주변에 받으시는것은 눈 회복에 지장을 줄 수 있기때문에 피부시술이나 성형을 진행하기전 시력교정술을 진행하시는것을 추천드립니다."
,방문후,수술후관리,성형,눈 수술하고 바로 턱 수술 가능?,"네, 고객님. 안전을 위해 시력교정술과 다른 부위의 성형수술은 동시에 진행하지 않는 것을 원칙으로 합니다. 
특히 수면 마취가 필요한 수술의 경우, 각 수술 사이에 최소 2주의 간격을 두어 몸이 충분히 회복할 시간을 갖는 것이 중요합니다.
꼭 성형하기전 눈 수술한 상황을 상담간 말씀해주셔야 성형에 참고가 될 수 있도록 해주셔야합니다."
,방문후,수술후관리,성형,눈 수술하고 바로 가슴 수술 가능?,
방문후_수술후관리_화장,방문후,수술후관리,화장,수술 후 얼마나 지나야 눈 화장을 할 수 있나요?,"네, 고객님. 수술 후 화장 가능 시기에 대해 안내해 드립니다. 
기초 화장(피부)은 수술 3일 후부터 가능하며, 감염의 위험이 있는 눈 화장(아이라이너, 마스카라 등)은 최소 2주 후부터 하시는 것을 권장합니다.
수술후 주의사항에 대해서 안내해드리겠습니다!
눈 비비지 않기: 눈을 비비거나 만지는 것을 피해야 합니다. 😊
안약과 인공눈물 사용: 의사의 지시에 따라 안약과 인공눈물을 꾸준히 사용해야 합니다. 💦
자외선 차단: 선글라스, 모자 등을 착용하여 자외선으로부터 눈을 보호해야 합니다. 😎
정기적인 안과 검진: 수술 후에는 정기적으로 안과 검진을 받아 눈 상태를 확인해야 합니다. 🏥
장시간 눈 사용 피하기: 수술 후 약 1주일 동안은 컴퓨터, 스마트폰 등을 장시간 사용하는 것을 피해야 합니다. 😂
사우나 및 수영장 피하기: 수술 후 약 한 달 동안은 사우나와 수영장 이용을 피해야 합니다. 👀
음주 피하기 : 수술 후 음주는 염증을 유발하고 회복을 더디게 할 수 있으므로, 최소 2주간은 반드시 금주하셔야 합니다. 이후 한 달까지는 과음을 피하시는 것이 안전한 회복에 도움이 됩니다."
,방문후,수술후관리,화장,수술하고 화장 언제부터 가능해요?,
시술정보_시력정보_라식스마일추천,시술정보,시력정보,라식스마일추천,양쪽 눈 근시와 난시가 300~400도 정도인데 어떤 수술이 좋을까요?,"네, 고객님. 해당 시력은 Lasik 또는 Smile Lasik 이 적합합니다! 근시와 난시 함께 치료가 가능합니다.
고객님의 각막 두께, 모양, 동공 크기 등 50여 가지 정밀 검사 결과를 종합적으로 분석해야 가장 안전하고 효과적인 수술 방법을 추천해 드릴 수 있습니다. 
내원하시어 정밀 검사와 전문의 상담을 받아보시는 것을 권장합니다.
고객님께서는 어떤 수술을 생각하고 계실까요?"
,시술정보,시력정보,라식스마일추천,"근시 550도, 난시 350도인데 어떤 수술이 적합할까요?","네, 고객님. 해당 시력은 Lasik 또는 Smile Lasik 이 적합합니다! 근시와 난시 함께 치료가 가능합니다.
고객님의 각막 두께, 모양, 동공 크기 등 50여 가지 정밀 검사 결과를 종합적으로 분석해야 가장 안전하고 효과적인 수술 방법을 추천해 드릴 수 있습니다. 
내원하시어 정밀 검사와 전문의 상담을 받아보시는 것을 권장합니다.
고객님께서는 어떤 수술을 생각하고 계실까요?"
,시술정보,시력정보,라식스마일추천,근시 300도 난시 300도 수술 ,"네, 고객님. 해당 시력은 Lasik 또는 Smile Lasik 이 적합합니다! 근시와 난시 함께 치료가 가능합니다.
고객님의 각막 두께, 모양, 동공 크기 등 50여 가지 정밀 검사 결과를 종합적으로 분석해야 가장 안전하고 효과적인 수술 방법을 추천해 드릴 수 있습니다. 
내원하시어 정밀 검사와 전문의 상담을 받아보시는 것을 권장합니다.
고객님께서는 어떤 수술을 생각하고 계실까요?"
,시술정보,시력정보,라식스마일추천,근시 550 난시 350 수술,"네, 고객님. 해당 시력은 Lasik 또는 Smile Lasik 이 적합합니다! 근시와 난시 함께 치료가 가능합니다.
고객님의 각막 두께, 모양, 동공 크기 등 50여 가지 정밀 검사 결과를 종합적으로 분석해야 가장 안전하고 효과적인 수술 방법을 추천해 드릴 수 있습니다. 
내원하시어 정밀 검사와 전문의 상담을 받아보시는 것을 권장합니다.
고객님께서는 어떤 수술을 생각하고 계실까요?"
,시술정보,시력정보,라식스마일추천,근시 300도 난시 200도,"네, 고객님. 해당 시력은 Lasik 또는 Smile Lasik 이 적합합니다! 근시와 난시 함께 치료가 가능합니다.
고객님의 각막 두께, 모양, 동공 크기 등 50여 가지 정밀 검사 결과를 종합적으로 분석해야 가장 안전하고 효과적인 수술 방법을 추천해 드릴 수 있습니다. 
내원하시어 정밀 검사와 전문의 상담을 받아보시는 것을 권장합니다.
고객님께서는 어떤 수술을 생각하고 계실까요?"
,시술정보,시력정보,라식스마일추천,근시 400도 난시 200도,"네, 고객님. 해당 시력은 Lasik 또는 Smile Lasik 이 적합합니다! 근시와 난시 함께 치료가 가능합니다.
고객님의 각막 두께, 모양, 동공 크기 등 50여 가지 정밀 검사 결과를 종합적으로 분석해야 가장 안전하고 효과적인 수술 방법을 추천해 드릴 수 있습니다. 
내원하시어 정밀 검사와 전문의 상담을 받아보시는 것을 권장합니다.
고객님께서는 어떤 수술을 생각하고 계실까요?"
,시술정보,시력정보,라식스마일추천,근시 300도 난시 250도,"네, 고객님. 해당 시력은 Lasik 또는 Smile Lasik 이 적합합니다! 근시와 난시 함께 치료가 가능합니다.
고객님의 각막 두께, 모양, 동공 크기 등 50여 가지 정밀 검사 결과를 종합적으로 분석해야 가장 안전하고 효과적인 수술 방법을 추천해 드릴 수 있습니다. 
내원하시어 정밀 검사와 전문의 상담을 받아보시는 것을 권장합니다.
고객님께서는 어떤 수술을 생각하고 계실까요?"
,시술정보,시력정보,라식스마일추천,근시 350도 난시 300도,"네, 고객님. 해당 시력은 Lasik 또는 Smile Lasik 이 적합합니다! 근시와 난시 함께 치료가 가능합니다.
고객님의 각막 두께, 모양, 동공 크기 등 50여 가지 정밀 검사 결과를 종합적으로 분석해야 가장 안전하고 효과적인 수술 방법을 추천해 드릴 수 있습니다. 
내원하시어 정밀 검사와 전문의 상담을 받아보시는 것을 권장합니다.
고객님께서는 어떤 수술을 생각하고 계실까요?"
,시술정보,시력정보,라식스마일추천,근시 450도 난시 200도,"네, 고객님. 해당 시력은 Lasik 또는 Smile Lasik 이 적합합니다! 근시와 난시 함께 치료가 가능합니다.
고객님의 각막 두께, 모양, 동공 크기 등 50여 가지 정밀 검사 결과를 종합적으로 분석해야 가장 안전하고 효과적인 수술 방법을 추천해 드릴 수 있습니다. 
내원하시어 정밀 검사와 전문의 상담을 받아보시는 것을 권장합니다.
고객님께서는 어떤 수술을 생각하고 계실까요?"
,시술정보,시력정보,라식스마일추천,근시 500도 난시 200도,"네, 고객님. 해당 시력은 Lasik 또는 Smile Lasik 이 적합합니다! 근시와 난시 함께 치료가 가능합니다.
고객님의 각막 두께, 모양, 동공 크기 등 50여 가지 정밀 검사 결과를 종합적으로 분석해야 가장 안전하고 효과적인 수술 방법을 추천해 드릴 수 있습니다. 
내원하시어 정밀 검사와 전문의 상담을 받아보시는 것을 권장합니다.
고객님께서는 어떤 수술을 생각하고 계실까요?"
,시술정보,시력정보,라식스마일추천,근시 500도 난시 250도,"네, 고객님. 해당 시력은 Lasik 또는 Smile Lasik 이 적합합니다! 근시와 난시 함께 치료가 가능합니다.
고객님의 각막 두께, 모양, 동공 크기 등 50여 가지 정밀 검사 결과를 종합적으로 분석해야 가장 안전하고 효과적인 수술 방법을 추천해 드릴 수 있습니다. 
내원하시어 정밀 검사와 전문의 상담을 받아보시는 것을 권장합니다.
고객님께서는 어떤 수술을 생각하고 계실까요?"
,시술정보,시력정보,라식스마일추천,근시 550도 난시 200도,"네, 고객님. 해당 시력은 Lasik 또는 Smile Lasik 이 적합합니다! 근시와 난시 함께 치료가 가능합니다.
고객님의 각막 두께, 모양, 동공 크기 등 50여 가지 정밀 검사 결과를 종합적으로 분석해야 가장 안전하고 효과적인 수술 방법을 추천해 드릴 수 있습니다. 
내원하시어 정밀 검사와 전문의 상담을 받아보시는 것을 권장합니다.
고객님께서는 어떤 수술을 생각하고 계실까요?"
,시술정보,시력정보,라식스마일추천,근시 550도 난시 250도,"네, 고객님. 해당 시력은 Lasik 또는 Smile Lasik 이 적합합니다! 근시와 난시 함께 치료가 가능합니다.
고객님의 각막 두께, 모양, 동공 크기 등 50여 가지 정밀 검사 결과를 종합적으로 분석해야 가장 안전하고 효과적인 수술 방법을 추천해 드릴 수 있습니다. 
내원하시어 정밀 검사와 전문의 상담을 받아보시는 것을 권장합니다.
고객님께서는 어떤 수술을 생각하고 계실까요?"
,시술정보,시력정보,라식스마일추천,근시 600도 난시 200도,"네, 고객님. 해당 시력은 Lasik 또는 Smile Lasik 이 적합합니다! 근시와 난시 함께 치료가 가능합니다.
고객님의 각막 두께, 모양, 동공 크기 등 50여 가지 정밀 검사 결과를 종합적으로 분석해야 가장 안전하고 효과적인 수술 방법을 추천해 드릴 수 있습니다. 
내원하시어 정밀 검사와 전문의 상담을 받아보시는 것을 권장합니다.
고객님께서는 어떤 수술을 생각하고 계실까요?"
,시술정보,시력정보,라식스마일추천,근시 600도 난시 250도,"네, 고객님. 해당 시력은 Lasik 또는 Smile Lasik 이 적합합니다! 근시와 난시 함께 치료가 가능합니다.
고객님의 각막 두께, 모양, 동공 크기 등 50여 가지 정밀 검사 결과를 종합적으로 분석해야 가장 안전하고 효과적인 수술 방법을 추천해 드릴 수 있습니다. 
내원하시어 정밀 검사와 전문의 상담을 받아보시는 것을 권장합니다.
고객님께서는 어떤 수술을 생각하고 계실까요?"
,시술정보,시력정보,라식스마일추천,근시 600도 난시 300도,"네, 고객님. 해당 시력은 Lasik 또는 Smile Lasik 이 적합합니다! 근시와 난시 함께 치료가 가능합니다.
고객님의 각막 두께, 모양, 동공 크기 등 50여 가지 정밀 검사 결과를 종합적으로 분석해야 가장 안전하고 효과적인 수술 방법을 추천해 드릴 수 있습니다. 
내원하시어 정밀 검사와 전문의 상담을 받아보시는 것을 권장합니다.
고객님께서는 어떤 수술을 생각하고 계실까요?"
,시술정보,시력정보,라식스마일추천,근시 550도 난시 300도,"네, 고객님. 해당 시력은 Lasik 또는 Smile Lasik 이 적합합니다! 근시와 난시 함께 치료가 가능합니다.
고객님의 각막 두께, 모양, 동공 크기 등 50여 가지 정밀 검사 결과를 종합적으로 분석해야 가장 안전하고 효과적인 수술 방법을 추천해 드릴 수 있습니다. 
내원하시어 정밀 검사와 전문의 상담을 받아보시는 것을 권장합니다.
고객님께서는 어떤 수술을 생각하고 계실까요?"
,시술정보,시력정보,라식스마일추천,근시 450도 난시 250도,"네, 고객님. 해당 시력은 Lasik 또는 Smile Lasik 이 적합합니다! 근시와 난시 함께 치료가 가능합니다.
고객님의 각막 두께, 모양, 동공 크기 등 50여 가지 정밀 검사 결과를 종합적으로 분석해야 가장 안전하고 효과적인 수술 방법을 추천해 드릴 수 있습니다. 
내원하시어 정밀 검사와 전문의 상담을 받아보시는 것을 권장합니다.
고객님께서는 어떤 수술을 생각하고 계실까요?"
,시술정보,시력정보,라식스마일추천,근시 450도 난시 300도,"네, 고객님. 해당 시력은 Lasik 또는 Smile Lasik 이 적합합니다! 근시와 난시 함께 치료가 가능합니다.
고객님의 각막 두께, 모양, 동공 크기 등 50여 가지 정밀 검사 결과를 종합적으로 분석해야 가장 안전하고 효과적인 수술 방법을 추천해 드릴 수 있습니다. 
내원하시어 정밀 검사와 전문의 상담을 받아보시는 것을 권장합니다.
고객님께서는 어떤 수술을 생각하고 계실까요?"
,시술정보,시력정보,라식스마일추천,근시 600도 난시 150도,"네, 고객님. 해당 시력은 Lasik 또는 Smile Lasik 이 적합합니다! 근시와 난시 함께 치료가 가능합니다.
고객님의 각막 두께, 모양, 동공 크기 등 50여 가지 정밀 검사 결과를 종합적으로 분석해야 가장 안전하고 효과적인 수술 방법을 추천해 드릴 수 있습니다. 
내원하시어 정밀 검사와 전문의 상담을 받아보시는 것을 권장합니다.
고객님께서는 어떤 수술을 생각하고 계실까요?"
,시술정보,시력정보,라식스마일추천,근시 650도 난시 150도,"네, 고객님. 해당 시력은 Lasik 또는 Smile Lasik 이 적합합니다! 근시와 난시 함께 치료가 가능합니다.
고객님의 각막 두께, 모양, 동공 크기 등 50여 가지 정밀 검사 결과를 종합적으로 분석해야 가장 안전하고 효과적인 수술 방법을 추천해 드릴 수 있습니다. 
내원하시어 정밀 검사와 전문의 상담을 받아보시는 것을 권장합니다.
고객님께서는 어떤 수술을 생각하고 계실까요?"
,시술정보,시력정보,라식스마일추천,근시 650도 난시 200도,"네, 고객님. 해당 시력은 Lasik 또는 Smile Lasik 이 적합합니다! 근시와 난시 함께 치료가 가능합니다.
고객님의 각막 두께, 모양, 동공 크기 등 50여 가지 정밀 검사 결과를 종합적으로 분석해야 가장 안전하고 효과적인 수술 방법을 추천해 드릴 수 있습니다. 
내원하시어 정밀 검사와 전문의 상담을 받아보시는 것을 권장합니다.
고객님께서는 어떤 수술을 생각하고 계실까요?"
,시술정보,시력정보,라식스마일추천,근시 650도 난시 250도,"네, 고객님. 해당 시력은 Lasik 또는 Smile Lasik 이 적합합니다! 근시와 난시 함께 치료가 가능합니다.
고객님의 각막 두께, 모양, 동공 크기 등 50여 가지 정밀 검사 결과를 종합적으로 분석해야 가장 안전하고 효과적인 수술 방법을 추천해 드릴 수 있습니다. 
내원하시어 정밀 검사와 전문의 상담을 받아보시는 것을 권장합니다.
고객님께서는 어떤 수술을 생각하고 계실까요?"
,시술정보,시력정보,라식스마일추천,근시 650도 난시 300도,"네, 고객님. 해당 시력은 Lasik 또는 Smile Lasik 이 적합합니다! 근시와 난시 함께 치료가 가능합니다.
고객님의 각막 두께, 모양, 동공 크기 등 50여 가지 정밀 검사 결과를 종합적으로 분석해야 가장 안전하고 효과적인 수술 방법을 추천해 드릴 수 있습니다. 
내원하시어 정밀 검사와 전문의 상담을 받아보시는 것을 권장합니다.
고객님께서는 어떤 수술을 생각하고 계실까요?"
,시술정보,시력정보,라식스마일추천,근시 650도 난시 350도,"네, 고객님. 해당 시력은 Lasik 또는 Smile Lasik 이 적합합니다! 근시와 난시 함께 치료가 가능합니다.
고객님의 각막 두께, 모양, 동공 크기 등 50여 가지 정밀 검사 결과를 종합적으로 분석해야 가장 안전하고 효과적인 수술 방법을 추천해 드릴 수 있습니다. 
내원하시어 정밀 검사와 전문의 상담을 받아보시는 것을 권장합니다.
고객님께서는 어떤 수술을 생각하고 계실까요?"
시술정보_시력정보_라섹스마일추천,시술정보,시력정보,라섹스마일추천,근시 700도 난시 100도,"네, 고객님. 해당 시력은 Lasek 또는 Smile Lasik 이 적합합니다! 근시와 난시 함께 치료가 가능합니다.
각막두께가 얇은편이라면 Lasek을 더 추천드립니다!
고객님의 각막 두께, 모양, 동공 크기 등 50여 가지 정밀 검사 결과를 종합적으로 분석해야 가장 안전하고 효과적인 수술 방법을 추천해 드릴 수 있습니다. 
내원하시어 정밀 검사와 전문의 상담을 받아보시는 것을 권장합니다.
고객님께서는 어떤 수술을 생각하고 계실까요?"
,시술정보,시력정보,라섹스마일추천,근시 700도 난시 150도,"네, 고객님. 해당 시력은 Lasek 또는 Smile Lasik 이 적합합니다! 근시와 난시 함께 치료가 가능합니다.
각막두께가 얇은편이라면 Lasek을 더 추천드립니다!
고객님의 각막 두께, 모양, 동공 크기 등 50여 가지 정밀 검사 결과를 종합적으로 분석해야 가장 안전하고 효과적인 수술 방법을 추천해 드릴 수 있습니다. 
내원하시어 정밀 검사와 전문의 상담을 받아보시는 것을 권장합니다.
고객님께서는 어떤 수술을 생각하고 계실까요?"
,시술정보,시력정보,라섹스마일추천,근시 700도 난시 200도,"네, 고객님. 해당 시력은 Lasek 또는 Smile Lasik 이 적합합니다! 근시와 난시 함께 치료가 가능합니다.
각막두께가 얇은편이라면 Lasek을 더 추천드립니다!
고객님의 각막 두께, 모양, 동공 크기 등 50여 가지 정밀 검사 결과를 종합적으로 분석해야 가장 안전하고 효과적인 수술 방법을 추천해 드릴 수 있습니다. 
내원하시어 정밀 검사와 전문의 상담을 받아보시는 것을 권장합니다.
고객님께서는 어떤 수술을 생각하고 계실까요?"
,시술정보,시력정보,라섹스마일추천,근시 700도 난시 250도,"네, 고객님. 해당 시력은 Lasek 또는 Smile Lasik 이 적합합니다! 근시와 난시 함께 치료가 가능합니다.
각막두께가 얇은편이라면 Lasek을 더 추천드립니다!
고객님의 각막 두께, 모양, 동공 크기 등 50여 가지 정밀 검사 결과를 종합적으로 분석해야 가장 안전하고 효과적인 수술 방법을 추천해 드릴 수 있습니다. 
내원하시어 정밀 검사와 전문의 상담을 받아보시는 것을 권장합니다.
고객님께서는 어떤 수술을 생각하고 계실까요?"
,시술정보,시력정보,라섹스마일추천,근시 700도 난시 300도,"네, 고객님. 해당 시력은 Lasek 또는 Smile Lasik 이 적합합니다! 근시와 난시 함께 치료가 가능합니다.
각막두께가 얇은편이라면 Lasek을 더 추천드립니다!
고객님의 각막 두께, 모양, 동공 크기 등 50여 가지 정밀 검사 결과를 종합적으로 분석해야 가장 안전하고 효과적인 수술 방법을 추천해 드릴 수 있습니다. 
내원하시어 정밀 검사와 전문의 상담을 받아보시는 것을 권장합니다.
고객님께서는 어떤 수술을 생각하고 계실까요?"
,시술정보,시력정보,라섹스마일추천,근시 700도 난시 350도,"네, 고객님. 해당 시력은 Lasek 또는 Smile Lasik 이 적합합니다! 근시와 난시 함께 치료가 가능합니다.
각막두께가 얇은편이라면 Lasek을 더 추천드립니다!
고객님의 각막 두께, 모양, 동공 크기 등 50여 가지 정밀 검사 결과를 종합적으로 분석해야 가장 안전하고 효과적인 수술 방법을 추천해 드릴 수 있습니다. 
내원하시어 정밀 검사와 전문의 상담을 받아보시는 것을 권장합니다.
고객님께서는 어떤 수술을 생각하고 계실까요?"
,시술정보,시력정보,라섹스마일추천,근시 700도 난시 400도,"네, 고객님. 해당 시력은 Lasek 또는 Smile Lasik 이 적합합니다! 근시와 난시 함께 치료가 가능합니다.
각막두께가 얇은편이라면 Lasek을 더 추천드립니다!
고객님의 각막 두께, 모양, 동공 크기 등 50여 가지 정밀 검사 결과를 종합적으로 분석해야 가장 안전하고 효과적인 수술 방법을 추천해 드릴 수 있습니다. 
내원하시어 정밀 검사와 전문의 상담을 받아보시는 것을 권장합니다.
고객님께서는 어떤 수술을 생각하고 계실까요?"
,시술정보,시력정보,라섹스마일추천,근시 750도 난시 100도,"네, 고객님. 해당 시력은 Lasek 또는 Smile Lasik 이 적합합니다! 근시와 난시 함께 치료가 가능합니다.
각막두께가 얇은편이라면 Lasek을 더 추천드립니다!
고객님의 각막 두께, 모양, 동공 크기 등 50여 가지 정밀 검사 결과를 종합적으로 분석해야 가장 안전하고 효과적인 수술 방법을 추천해 드릴 수 있습니다. 
내원하시어 정밀 검사와 전문의 상담을 받아보시는 것을 권장합니다.
고객님께서는 어떤 수술을 생각하고 계실까요?"
,시술정보,시력정보,라섹스마일추천,근시 750도 난시 150도,"네, 고객님. 해당 시력은 Lasek 또는 Smile Lasik 이 적합합니다! 근시와 난시 함께 치료가 가능합니다.
각막두께가 얇은편이라면 Lasek을 더 추천드립니다!
고객님의 각막 두께, 모양, 동공 크기 등 50여 가지 정밀 검사 결과를 종합적으로 분석해야 가장 안전하고 효과적인 수술 방법을 추천해 드릴 수 있습니다. 
내원하시어 정밀 검사와 전문의 상담을 받아보시는 것을 권장합니다.
고객님께서는 어떤 수술을 생각하고 계실까요?"
,시술정보,시력정보,라섹스마일추천,근시 750도 난시 200도,"네, 고객님. 해당 시력은 Lasek 또는 Smile Lasik 이 적합합니다! 근시와 난시 함께 치료가 가능합니다.
각막두께가 얇은편이라면 Lasek을 더 추천드립니다!
고객님의 각막 두께, 모양, 동공 크기 등 50여 가지 정밀 검사 결과를 종합적으로 분석해야 가장 안전하고 효과적인 수술 방법을 추천해 드릴 수 있습니다. 
내원하시어 정밀 검사와 전문의 상담을 받아보시는 것을 권장합니다.
고객님께서는 어떤 수술을 생각하고 계실까요?"
,시술정보,시력정보,라섹스마일추천,근시 750도 난시 250도,"네, 고객님. 해당 시력은 Lasek 또는 Smile Lasik 이 적합합니다! 근시와 난시 함께 치료가 가능합니다.
각막두께가 얇은편이라면 Lasek을 더 추천드립니다!
고객님의 각막 두께, 모양, 동공 크기 등 50여 가지 정밀 검사 결과를 종합적으로 분석해야 가장 안전하고 효과적인 수술 방법을 추천해 드릴 수 있습니다. 
내원하시어 정밀 검사와 전문의 상담을 받아보시는 것을 권장합니다.
고객님께서는 어떤 수술을 생각하고 계실까요?"
,시술정보,시력정보,라섹스마일추천,근시 750도 난시 300도,"네, 고객님. 해당 시력은 Lasek 또는 Smile Lasik 이 적합합니다! 근시와 난시 함께 치료가 가능합니다.
각막두께가 얇은편이라면 Lasek을 더 추천드립니다!
고객님의 각막 두께, 모양, 동공 크기 등 50여 가지 정밀 검사 결과를 종합적으로 분석해야 가장 안전하고 효과적인 수술 방법을 추천해 드릴 수 있습니다. 
내원하시어 정밀 검사와 전문의 상담을 받아보시는 것을 권장합니다.
고객님께서는 어떤 수술을 생각하고 계실까요?"
,시술정보,시력정보,라섹스마일추천,근시 750도 난시 350도,"네, 고객님. 해당 시력은 Lasek 또는 Smile Lasik 이 적합합니다! 근시와 난시 함께 치료가 가능합니다.
각막두께가 얇은편이라면 Lasek을 더 추천드립니다!
고객님의 각막 두께, 모양, 동공 크기 등 50여 가지 정밀 검사 결과를 종합적으로 분석해야 가장 안전하고 효과적인 수술 방법을 추천해 드릴 수 있습니다. 
내원하시어 정밀 검사와 전문의 상담을 받아보시는 것을 권장합니다.
고객님께서는 어떤 수술을 생각하고 계실까요?"
,시술정보,시력정보,라섹스마일추천,근시 750도 난시 400도,"네, 고객님. 해당 시력은 Lasek 또는 Smile Lasik 이 적합합니다! 근시와 난시 함께 치료가 가능합니다.
각막두께가 얇은편이라면 Lasek을 더 추천드립니다!
고객님의 각막 두께, 모양, 동공 크기 등 50여 가지 정밀 검사 결과를 종합적으로 분석해야 가장 안전하고 효과적인 수술 방법을 추천해 드릴 수 있습니다. 
내원하시어 정밀 검사와 전문의 상담을 받아보시는 것을 권장합니다.
고객님께서는 어떤 수술을 생각하고 계실까요?"
시술정보_시력정보_라섹ICL추천,시술정보,시력정보,라섹ICL추천,근시 800도 난시 100도,"네, 고객님. 해당 시력은 Lasek 또는 ICL 렌즈삽입술이 적합합니다! 근시와 난시 함께 치료가 가능합니다.
각막두께가 얇은편이라면 Lasek을 더 추천드립니다!
고객님의 각막 두께, 모양, 동공 크기 등 50여 가지 정밀 검사 결과를 종합적으로 분석해야 가장 안전하고 효과적인 수술 방법을 추천해 드릴 수 있습니다. 
내원하시어 정밀 검사와 전문의 상담을 받아보시는 것을 권장합니다.
고객님께서는 어떤 수술을 생각하고 계실까요?"
,시술정보,시력정보,라섹ICL추천,근시 800도 난시 150도,"네, 고객님. 해당 시력은 Lasek 또는 ICL 렌즈삽입술이 적합합니다! 근시와 난시 함께 치료가 가능합니다.
각막두께가 얇은편이라면 Lasek을 더 추천드립니다!
고객님의 각막 두께, 모양, 동공 크기 등 50여 가지 정밀 검사 결과를 종합적으로 분석해야 가장 안전하고 효과적인 수술 방법을 추천해 드릴 수 있습니다. 
내원하시어 정밀 검사와 전문의 상담을 받아보시는 것을 권장합니다.
고객님께서는 어떤 수술을 생각하고 계실까요?"
,시술정보,시력정보,라섹ICL추천,근시 800도 난시 200도,"네, 고객님. 해당 시력은 Lasek 또는 ICL 렌즈삽입술이 적합합니다! 근시와 난시 함께 치료가 가능합니다.
각막두께가 얇은편이라면 Lasek을 더 추천드립니다!
고객님의 각막 두께, 모양, 동공 크기 등 50여 가지 정밀 검사 결과를 종합적으로 분석해야 가장 안전하고 효과적인 수술 방법을 추천해 드릴 수 있습니다. 
내원하시어 정밀 검사와 전문의 상담을 받아보시는 것을 권장합니다.
고객님께서는 어떤 수술을 생각하고 계실까요?"
,시술정보,시력정보,라섹ICL추천,근시 800도 난시 250도,"네, 고객님. 해당 시력은 Lasek 또는 ICL 렌즈삽입술이 적합합니다! 근시와 난시 함께 치료가 가능합니다.
각막두께가 얇은편이라면 Lasek을 더 추천드립니다!
고객님의 각막 두께, 모양, 동공 크기 등 50여 가지 정밀 검사 결과를 종합적으로 분석해야 가장 안전하고 효과적인 수술 방법을 추천해 드릴 수 있습니다. 
내원하시어 정밀 검사와 전문의 상담을 받아보시는 것을 권장합니다.
고객님께서는 어떤 수술을 생각하고 계실까요?"
,시술정보,시력정보,라섹ICL추천,근시 800도 난시 300도,"네, 고객님. 해당 시력은 Lasek 또는 ICL 렌즈삽입술이 적합합니다! 근시와 난시 함께 치료가 가능합니다.
각막두께가 얇은편이라면 Lasek을 더 추천드립니다!
고객님의 각막 두께, 모양, 동공 크기 등 50여 가지 정밀 검사 결과를 종합적으로 분석해야 가장 안전하고 효과적인 수술 방법을 추천해 드릴 수 있습니다. 
내원하시어 정밀 검사와 전문의 상담을 받아보시는 것을 권장합니다.
고객님께서는 어떤 수술을 생각하고 계실까요?"
,시술정보,시력정보,라섹ICL추천,근시 800도 난시 350도,"네, 고객님. 해당 시력은 Lasek 또는 ICL 렌즈삽입술이 적합합니다! 근시와 난시 함께 치료가 가능합니다.
각막두께가 얇은편이라면 Lasek을 더 추천드립니다!
고객님의 각막 두께, 모양, 동공 크기 등 50여 가지 정밀 검사 결과를 종합적으로 분석해야 가장 안전하고 효과적인 수술 방법을 추천해 드릴 수 있습니다. 
내원하시어 정밀 검사와 전문의 상담을 받아보시는 것을 권장합니다.
고객님께서는 어떤 수술을 생각하고 계실까요?"
,시술정보,시력정보,라섹ICL추천,근시 800도 난시 400도,"네, 고객님. 해당 시력은 Lasek 또는 ICL 렌즈삽입술이 적합합니다! 근시와 난시 함께 치료가 가능합니다.
각막두께가 얇은편이라면 Lasek을 더 추천드립니다!
고객님의 각막 두께, 모양, 동공 크기 등 50여 가지 정밀 검사 결과를 종합적으로 분석해야 가장 안전하고 효과적인 수술 방법을 추천해 드릴 수 있습니다. 
내원하시어 정밀 검사와 전문의 상담을 받아보시는 것을 권장합니다.
고객님께서는 어떤 수술을 생각하고 계실까요?"
,시술정보,시력정보,라섹ICL추천,근시 850도 난시 100도,"네, 고객님. 해당 시력은 Lasek 또는 ICL 렌즈삽입술이 적합합니다! 근시와 난시 함께 치료가 가능합니다.
각막두께가 얇은편이라면 Lasek을 더 추천드립니다!
고객님의 각막 두께, 모양, 동공 크기 등 50여 가지 정밀 검사 결과를 종합적으로 분석해야 가장 안전하고 효과적인 수술 방법을 추천해 드릴 수 있습니다. 
내원하시어 정밀 검사와 전문의 상담을 받아보시는 것을 권장합니다.
고객님께서는 어떤 수술을 생각하고 계실까요?"
,시술정보,시력정보,라섹ICL추천,근시 850도 난시 150도,"네, 고객님. 해당 시력은 Lasek 또는 ICL 렌즈삽입술이 적합합니다! 근시와 난시 함께 치료가 가능합니다.
각막두께가 얇은편이라면 Lasek을 더 추천드립니다!
고객님의 각막 두께, 모양, 동공 크기 등 50여 가지 정밀 검사 결과를 종합적으로 분석해야 가장 안전하고 효과적인 수술 방법을 추천해 드릴 수 있습니다. 
내원하시어 정밀 검사와 전문의 상담을 받아보시는 것을 권장합니다.
고객님께서는 어떤 수술을 생각하고 계실까요?"
,시술정보,시력정보,라섹ICL추천,근시 850도 난시 200도,"네, 고객님. 해당 시력은 Lasek 또는 ICL 렌즈삽입술이 적합합니다! 근시와 난시 함께 치료가 가능합니다.
각막두께가 얇은편이라면 Lasek을 더 추천드립니다!
고객님의 각막 두께, 모양, 동공 크기 등 50여 가지 정밀 검사 결과를 종합적으로 분석해야 가장 안전하고 효과적인 수술 방법을 추천해 드릴 수 있습니다. 
내원하시어 정밀 검사와 전문의 상담을 받아보시는 것을 권장합니다.
고객님께서는 어떤 수술을 생각하고 계실까요?"
,시술정보,시력정보,라섹ICL추천,근시 850도 난시 250도,"네, 고객님. 해당 시력은 Lasek 또는 ICL 렌즈삽입술이 적합합니다! 근시와 난시 함께 치료가 가능합니다.
각막두께가 얇은편이라면 Lasek을 더 추천드립니다!
고객님의 각막 두께, 모양, 동공 크기 등 50여 가지 정밀 검사 결과를 종합적으로 분석해야 가장 안전하고 효과적인 수술 방법을 추천해 드릴 수 있습니다. 
내원하시어 정밀 검사와 전문의 상담을 받아보시는 것을 권장합니다.
고객님께서는 어떤 수술을 생각하고 계실까요?"
,시술정보,시력정보,라섹ICL추천,근시 850도 난시 300도,"네, 고객님. 해당 시력은 Lasek 또는 ICL 렌즈삽입술이 적합합니다! 근시와 난시 함께 치료가 가능합니다.
각막두께가 얇은편이라면 Lasek을 더 추천드립니다!
고객님의 각막 두께, 모양, 동공 크기 등 50여 가지 정밀 검사 결과를 종합적으로 분석해야 가장 안전하고 효과적인 수술 방법을 추천해 드릴 수 있습니다. 
내원하시어 정밀 검사와 전문의 상담을 받아보시는 것을 권장합니다.
고객님께서는 어떤 수술을 생각하고 계실까요?"
,시술정보,시력정보,라섹ICL추천,근시 850도 난시 350도,"네, 고객님. 해당 시력은 Lasek 또는 ICL 렌즈삽입술이 적합합니다! 근시와 난시 함께 치료가 가능합니다.
각막두께가 얇은편이라면 Lasek을 더 추천드립니다!
고객님의 각막 두께, 모양, 동공 크기 등 50여 가지 정밀 검사 결과를 종합적으로 분석해야 가장 안전하고 효과적인 수술 방법을 추천해 드릴 수 있습니다. 
내원하시어 정밀 검사와 전문의 상담을 받아보시는 것을 권장합니다.
고객님께서는 어떤 수술을 생각하고 계실까요?"
,시술정보,시력정보,라섹ICL추천,근시 850도 난시 400도,"네, 고객님. 해당 시력은 Lasek 또는 ICL 렌즈삽입술이 적합합니다! 근시와 난시 함께 치료가 가능합니다.
각막두께가 얇은편이라면 Lasek을 더 추천드립니다!
고객님의 각막 두께, 모양, 동공 크기 등 50여 가지 정밀 검사 결과를 종합적으로 분석해야 가장 안전하고 효과적인 수술 방법을 추천해 드릴 수 있습니다. 
내원하시어 정밀 검사와 전문의 상담을 받아보시는 것을 권장합니다.
고객님께서는 어떤 수술을 생각하고 계실까요?"
,시술정보,시력정보,라섹ICL추천,근시 900도 난시 100도,"네, 고객님. 해당 시력은 Lasek 또는 ICL 렌즈삽입술이 적합합니다! 근시와 난시 함께 치료가 가능합니다.
각막두께가 얇은편이라면 Lasek을 더 추천드립니다!
고객님의 각막 두께, 모양, 동공 크기 등 50여 가지 정밀 검사 결과를 종합적으로 분석해야 가장 안전하고 효과적인 수술 방법을 추천해 드릴 수 있습니다. 
내원하시어 정밀 검사와 전문의 상담을 받아보시는 것을 권장합니다.
고객님께서는 어떤 수술을 생각하고 계실까요?"
,시술정보,시력정보,라섹ICL추천,근시 900도 난시 150도,"네, 고객님. 해당 시력은 Lasek 또는 ICL 렌즈삽입술이 적합합니다! 근시와 난시 함께 치료가 가능합니다.
각막두께가 얇은편이라면 Lasek을 더 추천드립니다!
고객님의 각막 두께, 모양, 동공 크기 등 50여 가지 정밀 검사 결과를 종합적으로 분석해야 가장 안전하고 효과적인 수술 방법을 추천해 드릴 수 있습니다. 
내원하시어 정밀 검사와 전문의 상담을 받아보시는 것을 권장합니다.
고객님께서는 어떤 수술을 생각하고 계실까요?"
,시술정보,시력정보,라섹ICL추천,근시 900도 난시 200도,"네, 고객님. 해당 시력은 Lasek 또는 ICL 렌즈삽입술이 적합합니다! 근시와 난시 함께 치료가 가능합니다.
각막두께가 얇은편이라면 Lasek을 더 추천드립니다!
고객님의 각막 두께, 모양, 동공 크기 등 50여 가지 정밀 검사 결과를 종합적으로 분석해야 가장 안전하고 효과적인 수술 방법을 추천해 드릴 수 있습니다. 
내원하시어 정밀 검사와 전문의 상담을 받아보시는 것을 권장합니다.
고객님께서는 어떤 수술을 생각하고 계실까요?"
,시술정보,시력정보,라섹ICL추천,근시 900도 난시 250도,"네, 고객님. 해당 시력은 Lasek 또는 ICL 렌즈삽입술이 적합합니다! 근시와 난시 함께 치료가 가능합니다.
각막두께가 얇은편이라면 Lasek을 더 추천드립니다!
고객님의 각막 두께, 모양, 동공 크기 등 50여 가지 정밀 검사 결과를 종합적으로 분석해야 가장 안전하고 효과적인 수술 방법을 추천해 드릴 수 있습니다. 
내원하시어 정밀 검사와 전문의 상담을 받아보시는 것을 권장합니다.
고객님께서는 어떤 수술을 생각하고 계실까요?"
,시술정보,시력정보,라섹ICL추천,근시 900도 난시 300도,"네, 고객님. 해당 시력은 Lasek 또는 ICL 렌즈삽입술이 적합합니다! 근시와 난시 함께 치료가 가능합니다.
각막두께가 얇은편이라면 Lasek을 더 추천드립니다!
고객님의 각막 두께, 모양, 동공 크기 등 50여 가지 정밀 검사 결과를 종합적으로 분석해야 가장 안전하고 효과적인 수술 방법을 추천해 드릴 수 있습니다. 
내원하시어 정밀 검사와 전문의 상담을 받아보시는 것을 권장합니다.
고객님께서는 어떤 수술을 생각하고 계실까요?"
,시술정보,시력정보,라섹ICL추천,근시 900도 난시 350도,"네, 고객님. 해당 시력은 Lasek 또는 ICL 렌즈삽입술이 적합합니다! 근시와 난시 함께 치료가 가능합니다.
각막두께가 얇은편이라면 Lasek을 더 추천드립니다!
고객님의 각막 두께, 모양, 동공 크기 등 50여 가지 정밀 검사 결과를 종합적으로 분석해야 가장 안전하고 효과적인 수술 방법을 추천해 드릴 수 있습니다. 
내원하시어 정밀 검사와 전문의 상담을 받아보시는 것을 권장합니다.
고객님께서는 어떤 수술을 생각하고 계실까요?"
,시술정보,시력정보,라섹ICL추천,근시 900도 난시 400도,"네, 고객님. 해당 시력은 Lasek 또는 ICL 렌즈삽입술이 적합합니다! 근시와 난시 함께 치료가 가능합니다.
각막두께가 얇은편이라면 Lasek을 더 추천드립니다!
고객님의 각막 두께, 모양, 동공 크기 등 50여 가지 정밀 검사 결과를 종합적으로 분석해야 가장 안전하고 효과적인 수술 방법을 추천해 드릴 수 있습니다. 
내원하시어 정밀 검사와 전문의 상담을 받아보시는 것을 권장합니다.
고객님께서는 어떤 수술을 생각하고 계실까요?"
,시술정보,시력정보,라섹ICL추천,근시 950도 난시 100도,"네, 고객님. 해당 시력은 Lasek 또는 ICL 렌즈삽입술이 적합합니다! 근시와 난시 함께 치료가 가능합니다.
각막두께가 얇은편이라면 Lasek을 더 추천드립니다!
고객님의 각막 두께, 모양, 동공 크기 등 50여 가지 정밀 검사 결과를 종합적으로 분석해야 가장 안전하고 효과적인 수술 방법을 추천해 드릴 수 있습니다. 
내원하시어 정밀 검사와 전문의 상담을 받아보시는 것을 권장합니다.
고객님께서는 어떤 수술을 생각하고 계실까요?"
,시술정보,시력정보,라섹ICL추천,근시 950도 난시 150도,"네, 고객님. 해당 시력은 Lasek 또는 ICL 렌즈삽입술이 적합합니다! 근시와 난시 함께 치료가 가능합니다.
각막두께가 얇은편이라면 Lasek을 더 추천드립니다!
고객님의 각막 두께, 모양, 동공 크기 등 50여 가지 정밀 검사 결과를 종합적으로 분석해야 가장 안전하고 효과적인 수술 방법을 추천해 드릴 수 있습니다. 
내원하시어 정밀 검사와 전문의 상담을 받아보시는 것을 권장합니다.
고객님께서는 어떤 수술을 생각하고 계실까요?"
,시술정보,시력정보,라섹ICL추천,근시 950도 난시 200도,"네, 고객님. 해당 시력은 Lasek 또는 ICL 렌즈삽입술이 적합합니다! 근시와 난시 함께 치료가 가능합니다.
각막두께가 얇은편이라면 Lasek을 더 추천드립니다!
고객님의 각막 두께, 모양, 동공 크기 등 50여 가지 정밀 검사 결과를 종합적으로 분석해야 가장 안전하고 효과적인 수술 방법을 추천해 드릴 수 있습니다. 
내원하시어 정밀 검사와 전문의 상담을 받아보시는 것을 권장합니다.
고객님께서는 어떤 수술을 생각하고 계실까요?"
,시술정보,시력정보,라섹ICL추천,근시 950도 난시 250도,"네, 고객님. 해당 시력은 Lasek 또는 ICL 렌즈삽입술이 적합합니다! 근시와 난시 함께 치료가 가능합니다.
각막두께가 얇은편이라면 Lasek을 더 추천드립니다!
고객님의 각막 두께, 모양, 동공 크기 등 50여 가지 정밀 검사 결과를 종합적으로 분석해야 가장 안전하고 효과적인 수술 방법을 추천해 드릴 수 있습니다. 
내원하시어 정밀 검사와 전문의 상담을 받아보시는 것을 권장합니다.
고객님께서는 어떤 수술을 생각하고 계실까요?"
,시술정보,시력정보,라섹ICL추천,근시 950도 난시 300도,"네, 고객님. 해당 시력은 Lasek 또는 ICL 렌즈삽입술이 적합합니다! 근시와 난시 함께 치료가 가능합니다.
각막두께가 얇은편이라면 Lasek을 더 추천드립니다!
고객님의 각막 두께, 모양, 동공 크기 등 50여 가지 정밀 검사 결과를 종합적으로 분석해야 가장 안전하고 효과적인 수술 방법을 추천해 드릴 수 있습니다. 
내원하시어 정밀 검사와 전문의 상담을 받아보시는 것을 권장합니다.
고객님께서는 어떤 수술을 생각하고 계실까요?"
,시술정보,시력정보,라섹ICL추천,근시 950도 난시 350도,"네, 고객님. 해당 시력은 Lasek 또는 ICL 렌즈삽입술이 적합합니다! 근시와 난시 함께 치료가 가능합니다.
각막두께가 얇은편이라면 Lasek을 더 추천드립니다!
고객님의 각막 두께, 모양, 동공 크기 등 50여 가지 정밀 검사 결과를 종합적으로 분석해야 가장 안전하고 효과적인 수술 방법을 추천해 드릴 수 있습니다. 
내원하시어 정밀 검사와 전문의 상담을 받아보시는 것을 권장합니다.
고객님께서는 어떤 수술을 생각하고 계실까요?"
,시술정보,시력정보,라섹ICL추천,근시 950도 난시 400도,"네, 고객님. 해당 시력은 Lasek 또는 ICL 렌즈삽입술이 적합합니다! 근시와 난시 함께 치료가 가능합니다.
각막두께가 얇은편이라면 Lasek을 더 추천드립니다!
고객님의 각막 두께, 모양, 동공 크기 등 50여 가지 정밀 검사 결과를 종합적으로 분석해야 가장 안전하고 효과적인 수술 방법을 추천해 드릴 수 있습니다. 
내원하시어 정밀 검사와 전문의 상담을 받아보시는 것을 권장합니다.
고객님께서는 어떤 수술을 생각하고 계실까요?"
시술정보_시력정보_ICL추천,시술정보,시력정보,ICL추천,근시 1000도 난시 100도,"네, 고객님. 해당 시력은 ICL 렌즈삽입술이 적합합니다! 근시와 난시 함께 치료가 가능합니다.
고객님의 각막 두께, 모양, 동공 크기 등 50여 가지 정밀 검사 결과를 종합적으로 분석해야 가장 안전하고 효과적인 렌즈를 추천해 드릴 수 있습니다. 
내원하시어 정밀 검사와 전문의 상담을 받아보시는 것을 권장합니다.
고객님께서는 어떤 수술을 생각하고 계실까요?"
,시술정보,시력정보,ICL추천,근시 1000도 난시 150도,"네, 고객님. 해당 시력은 ICL 렌즈삽입술이 적합합니다! 근시와 난시 함께 치료가 가능합니다.
고객님의 각막 두께, 모양, 동공 크기 등 50여 가지 정밀 검사 결과를 종합적으로 분석해야 가장 안전하고 효과적인 렌즈를 추천해 드릴 수 있습니다. 
내원하시어 정밀 검사와 전문의 상담을 받아보시는 것을 권장합니다.
고객님께서는 어떤 수술을 생각하고 계실까요?"
,시술정보,시력정보,ICL추천,근시 1000도 난시 200도,"네, 고객님. 해당 시력은 ICL 렌즈삽입술이 적합합니다! 근시와 난시 함께 치료가 가능합니다.
고객님의 각막 두께, 모양, 동공 크기 등 50여 가지 정밀 검사 결과를 종합적으로 분석해야 가장 안전하고 효과적인 렌즈를 추천해 드릴 수 있습니다. 
내원하시어 정밀 검사와 전문의 상담을 받아보시는 것을 권장합니다.
고객님께서는 어떤 수술을 생각하고 계실까요?"
,시술정보,시력정보,ICL추천,근시 1000도 난시 250도,"네, 고객님. 해당 시력은 ICL 렌즈삽입술이 적합합니다! 근시와 난시 함께 치료가 가능합니다.
고객님의 각막 두께, 모양, 동공 크기 등 50여 가지 정밀 검사 결과를 종합적으로 분석해야 가장 안전하고 효과적인 렌즈를 추천해 드릴 수 있습니다. 
내원하시어 정밀 검사와 전문의 상담을 받아보시는 것을 권장합니다.
고객님께서는 어떤 수술을 생각하고 계실까요?"
,시술정보,시력정보,ICL추천,근시 1000도 난시 300도,"네, 고객님. 해당 시력은 ICL 렌즈삽입술이 적합합니다! 근시와 난시 함께 치료가 가능합니다.
고객님의 각막 두께, 모양, 동공 크기 등 50여 가지 정밀 검사 결과를 종합적으로 분석해야 가장 안전하고 효과적인 렌즈를 추천해 드릴 수 있습니다. 
내원하시어 정밀 검사와 전문의 상담을 받아보시는 것을 권장합니다.
고객님께서는 어떤 수술을 생각하고 계실까요?"
,시술정보,시력정보,ICL추천,근시 1000도 난시 350도,"네, 고객님. 해당 시력은 ICL 렌즈삽입술이 적합합니다! 근시와 난시 함께 치료가 가능합니다.
고객님의 각막 두께, 모양, 동공 크기 등 50여 가지 정밀 검사 결과를 종합적으로 분석해야 가장 안전하고 효과적인 렌즈를 추천해 드릴 수 있습니다. 
내원하시어 정밀 검사와 전문의 상담을 받아보시는 것을 권장합니다.
고객님께서는 어떤 수술을 생각하고 계실까요?"
,시술정보,시력정보,ICL추천,근시 1000도 난시 400도,"네, 고객님. 해당 시력은 ICL 렌즈삽입술이 적합합니다! 근시와 난시 함께 치료가 가능합니다.
고객님의 각막 두께, 모양, 동공 크기 등 50여 가지 정밀 검사 결과를 종합적으로 분석해야 가장 안전하고 효과적인 렌즈를 추천해 드릴 수 있습니다. 
내원하시어 정밀 검사와 전문의 상담을 받아보시는 것을 권장합니다.
고객님께서는 어떤 수술을 생각하고 계실까요?"
,시술정보,시력정보,ICL추천,근시 1050도 난시 100도,"네, 고객님. 해당 시력은 ICL 렌즈삽입술이 적합합니다! 근시와 난시 함께 치료가 가능합니다.
고객님의 각막 두께, 모양, 동공 크기 등 50여 가지 정밀 검사 결과를 종합적으로 분석해야 가장 안전하고 효과적인 렌즈를 추천해 드릴 수 있습니다. 
내원하시어 정밀 검사와 전문의 상담을 받아보시는 것을 권장합니다.
고객님께서는 어떤 수술을 생각하고 계실까요?"
,시술정보,시력정보,ICL추천,근시 1050도 난시 150도,"네, 고객님. 해당 시력은 ICL 렌즈삽입술이 적합합니다! 근시와 난시 함께 치료가 가능합니다.
고객님의 각막 두께, 모양, 동공 크기 등 50여 가지 정밀 검사 결과를 종합적으로 분석해야 가장 안전하고 효과적인 렌즈를 추천해 드릴 수 있습니다. 
내원하시어 정밀 검사와 전문의 상담을 받아보시는 것을 권장합니다.
고객님께서는 어떤 수술을 생각하고 계실까요?"
,시술정보,시력정보,ICL추천,근시 1050도 난시 200도,"네, 고객님. 해당 시력은 ICL 렌즈삽입술이 적합합니다! 근시와 난시 함께 치료가 가능합니다.
고객님의 각막 두께, 모양, 동공 크기 등 50여 가지 정밀 검사 결과를 종합적으로 분석해야 가장 안전하고 효과적인 렌즈를 추천해 드릴 수 있습니다. 
내원하시어 정밀 검사와 전문의 상담을 받아보시는 것을 권장합니다.
고객님께서는 어떤 수술을 생각하고 계실까요?"
,시술정보,시력정보,ICL추천,근시 1050도 난시 250도,"네, 고객님. 해당 시력은 ICL 렌즈삽입술이 적합합니다! 근시와 난시 함께 치료가 가능합니다.
고객님의 각막 두께, 모양, 동공 크기 등 50여 가지 정밀 검사 결과를 종합적으로 분석해야 가장 안전하고 효과적인 렌즈를 추천해 드릴 수 있습니다. 
내원하시어 정밀 검사와 전문의 상담을 받아보시는 것을 권장합니다.
고객님께서는 어떤 수술을 생각하고 계실까요?"
,시술정보,시력정보,ICL추천,근시 1050도 난시 300도,"네, 고객님. 해당 시력은 ICL 렌즈삽입술이 적합합니다! 근시와 난시 함께 치료가 가능합니다.
고객님의 각막 두께, 모양, 동공 크기 등 50여 가지 정밀 검사 결과를 종합적으로 분석해야 가장 안전하고 효과적인 렌즈를 추천해 드릴 수 있습니다. 
내원하시어 정밀 검사와 전문의 상담을 받아보시는 것을 권장합니다.
고객님께서는 어떤 수술을 생각하고 계실까요?"
,시술정보,시력정보,ICL추천,근시 1050도 난시 350도,"네, 고객님. 해당 시력은 ICL 렌즈삽입술이 적합합니다! 근시와 난시 함께 치료가 가능합니다.
고객님의 각막 두께, 모양, 동공 크기 등 50여 가지 정밀 검사 결과를 종합적으로 분석해야 가장 안전하고 효과적인 렌즈를 추천해 드릴 수 있습니다. 
내원하시어 정밀 검사와 전문의 상담을 받아보시는 것을 권장합니다.
고객님께서는 어떤 수술을 생각하고 계실까요?"
,시술정보,시력정보,ICL추천,근시 1050도 난시 400도,"네, 고객님. 해당 시력은 ICL 렌즈삽입술이 적합합니다! 근시와 난시 함께 치료가 가능합니다.
고객님의 각막 두께, 모양, 동공 크기 등 50여 가지 정밀 검사 결과를 종합적으로 분석해야 가장 안전하고 효과적인 렌즈를 추천해 드릴 수 있습니다. 
내원하시어 정밀 검사와 전문의 상담을 받아보시는 것을 권장합니다.
고객님께서는 어떤 수술을 생각하고 계실까요?"
,시술정보,시력정보,ICL추천,근시 1100도 난시 100도,"네, 고객님. 해당 시력은 ICL 렌즈삽입술이 적합합니다! 근시와 난시 함께 치료가 가능합니다.
고객님의 각막 두께, 모양, 동공 크기 등 50여 가지 정밀 검사 결과를 종합적으로 분석해야 가장 안전하고 효과적인 렌즈를 추천해 드릴 수 있습니다. 
내원하시어 정밀 검사와 전문의 상담을 받아보시는 것을 권장합니다.
고객님께서는 어떤 수술을 생각하고 계실까요?"
,시술정보,시력정보,ICL추천,근시 1100도 난시 150도,"네, 고객님. 해당 시력은 ICL 렌즈삽입술이 적합합니다! 근시와 난시 함께 치료가 가능합니다.
고객님의 각막 두께, 모양, 동공 크기 등 50여 가지 정밀 검사 결과를 종합적으로 분석해야 가장 안전하고 효과적인 렌즈를 추천해 드릴 수 있습니다. 
내원하시어 정밀 검사와 전문의 상담을 받아보시는 것을 권장합니다.
고객님께서는 어떤 수술을 생각하고 계실까요?"
,시술정보,시력정보,ICL추천,근시 1100도 난시 200도,"네, 고객님. 해당 시력은 ICL 렌즈삽입술이 적합합니다! 근시와 난시 함께 치료가 가능합니다.
고객님의 각막 두께, 모양, 동공 크기 등 50여 가지 정밀 검사 결과를 종합적으로 분석해야 가장 안전하고 효과적인 렌즈를 추천해 드릴 수 있습니다. 
내원하시어 정밀 검사와 전문의 상담을 받아보시는 것을 권장합니다.
고객님께서는 어떤 수술을 생각하고 계실까요?"
,시술정보,시력정보,ICL추천,근시 1100도 난시 250도,"네, 고객님. 해당 시력은 ICL 렌즈삽입술이 적합합니다! 근시와 난시 함께 치료가 가능합니다.
고객님의 각막 두께, 모양, 동공 크기 등 50여 가지 정밀 검사 결과를 종합적으로 분석해야 가장 안전하고 효과적인 렌즈를 추천해 드릴 수 있습니다. 
내원하시어 정밀 검사와 전문의 상담을 받아보시는 것을 권장합니다.
고객님께서는 어떤 수술을 생각하고 계실까요?"
,시술정보,시력정보,ICL추천,근시 1100도 난시 300도,"네, 고객님. 해당 시력은 ICL 렌즈삽입술이 적합합니다! 근시와 난시 함께 치료가 가능합니다.
고객님의 각막 두께, 모양, 동공 크기 등 50여 가지 정밀 검사 결과를 종합적으로 분석해야 가장 안전하고 효과적인 렌즈를 추천해 드릴 수 있습니다. 
내원하시어 정밀 검사와 전문의 상담을 받아보시는 것을 권장합니다.
고객님께서는 어떤 수술을 생각하고 계실까요?"
,시술정보,시력정보,ICL추천,근시 1100도 난시 350도,"네, 고객님. 해당 시력은 ICL 렌즈삽입술이 적합합니다! 근시와 난시 함께 치료가 가능합니다.
고객님의 각막 두께, 모양, 동공 크기 등 50여 가지 정밀 검사 결과를 종합적으로 분석해야 가장 안전하고 효과적인 렌즈를 추천해 드릴 수 있습니다. 
내원하시어 정밀 검사와 전문의 상담을 받아보시는 것을 권장합니다.
고객님께서는 어떤 수술을 생각하고 계실까요?"
,시술정보,시력정보,ICL추천,근시 1100도 난시 400도,"네, 고객님. 해당 시력은 ICL 렌즈삽입술이 적합합니다! 근시와 난시 함께 치료가 가능합니다.
고객님의 각막 두께, 모양, 동공 크기 등 50여 가지 정밀 검사 결과를 종합적으로 분석해야 가장 안전하고 효과적인 렌즈를 추천해 드릴 수 있습니다. 
내원하시어 정밀 검사와 전문의 상담을 받아보시는 것을 권장합니다.
고객님께서는 어떤 수술을 생각하고 계실까요?"
시술정보_시력교정술_수술특징,시술정보,시력교정술,수술특징,"각 시력교정 수술(라식, 라섹, 스마일라식, ICL)의 주요 특징과 일반적인 회복 기간은 어떻게 되나요?","네, 고객님. 각 수술의 특징은 다음과 같습니다.
어떤 시력 교정 수술이 가장 적합할까요?
시력 교정 수술은 여러 종류가 있으며, 각각의 특징과 장단점이 다릅니다.

LASIK (라식) | 레이저 굴절 각막 절삭술
시술 방법: 각막 절편을 만든 후 엑시머 레이저를 사용하여 시력을 교정하는 기술입니다.
특징: 회복이 빠르고 통증이 적어 일상생활 복귀가 편리합니다.
일상생활 복귀 소요 시간: 1-3일 이내 (개인차 있음)

LASEK (라섹) | 레이저 굴절 각막 상피 절삭술
시술 방법: 각막 상피를 제거한 후 엑시머 레이저를 사용하여 시력을 교정하는 기술입니다.
특징: 라식에 비해 외부 충격에 대한 저항력이 강하지만, 회복 기간이 더 깁니다.
일상생활 복귀 소요 시간: 2-5일 이내 (개인차 있음)

SMILE (스마일) | 스마일 라식
시술 방법: 각막 절편을 만들 필요 없이 펨토초 레이저를 사용하는 최소 침습 수술입니다.
특징: 통증이 적고 회복이 빠르며, 부작용의 위험이 낮습니다.
일상생활 복귀 소요 시간: 1-2일 이내 (개인차 있음)

각 수술은 장단점이 있으므로, 반드시 전문의와 상담 후 고객님의 눈 상태와 생활 방식에 가장 적합한 수술 방법을 선택하는 것이 중요합니다."
,시술정보,시력교정술,라식라섹차이,라식(LASIK)과 라섹(LASEK) 수술은 정확히 어떤 차이가 있나요?,"네, 고객님. 각 수술의 특징은 다음과 같습니다.
어떤 시력 교정 수술이 가장 적합할까요?
시력 교정 수술은 여러 종류가 있으며, 각각의 특징과 장단점이 다릅니다.

LASIK (라식) | 레이저 굴절 각막 절삭술
시술 방법: 각막 절편을 만든 후 엑시머 레이저를 사용하여 시력을 교정하는 기술입니다.
특징: 회복이 빠르고 통증이 적어 일상생활 복귀가 편리합니다.
일상생활 복귀 소요 시간: 1-3일 이내 (개인차 있음)

LASEK (라섹) | 레이저 굴절 각막 상피 절삭술
시술 방법: 각막 상피를 제거한 후 엑시머 레이저를 사용하여 시력을 교정하는 기술입니다.
특징: 라식에 비해 외부 충격에 대한 저항력이 강하지만, 회복 기간이 더 깁니다.
일상생활 복귀 소요 시간: 2-5일 이내 (개인차 있음)

SMILE (스마일) | 스마일 라식
시술 방법: 각막 절편을 만들 필요 없이 펨토초 레이저를 사용하는 최소 침습 수술입니다.
특징: 통증이 적고 회복이 빠르며, 부작용의 위험이 낮습니다.
일상생활 복귀 소요 시간: 1-2일 이내 (개인차 있음)

각 수술은 장단점이 있으므로, 반드시 전문의와 상담 후 고객님의 눈 상태와 생활 방식에 가장 적합한 수술 방법을 선택하는 것이 중요합니다."
,시술정보,시력교정술,수술특징,수술 종류별 장단점 알려주세요 ,
,시술정보,시력교정술,수술특징,라식 라섹 뭐가 달라요?,
,시술정보,시력교정술,수술특징,라식 라섹 뭐가 달라요?,
,시술정보,시력교정술,수술특징,ICL이랑 라식 중에 뭐가 나아요?,"네, 고객님. Lasik 과 ICL 렌즈삽입술에 대해서 안내해드리겠습니다.
LASIK (라식) | 레이저 굴절 각막 절삭술
시술 방법: 각막 절편을 만든 후 엑시머 레이저를 사용하여 시력을 교정하는 기술입니다.
특징: 회복이 빠르고 통증이 적어 일상생활 복귀가 편리합니다.
일상생활 복귀 소요 시간: 1-3일 이내 (개인차 있음)

ICL 렌즈 삽입술은 고도근시이거나 각막이 얇아 레이저 시력 교정술이 어려운 분들에게 특히 적합한 최신 시력 교정 방법이에요!

1. 최소 절개
ICL은 레이저 수술과 달리 각막을 깎아내지 않아요. 의사가 각막 가장자리에 약 3mm 정도의 아주 작은 절개창을 만들어 인공 렌즈를 삽입하죠! 🔍
2. 렌즈 삽입
ICL은 눈 안에 삽입하는 인공 렌즈로, 콘택트렌즈와 비슷하지만 영구적으로 눈 안에 자리하게 되어 이물감이 느껴지지 않아요. 렌즈는 홍채와 수정체 사이에 안착되어 시력을 교정하고 빛이 망막에 더 잘 초점을 맞추도록 도와줍니다. 💡
3. 회복과 효과
수술 후 절개창은 자연적으로 아물기 때문에 따로 봉합할 필요가 없어요. ICL 렌즈는 영구적으로 눈 안에 둘 수 있고, 필요에 따라 언제든 제거하거나 교체할 수도 있습니다. 시력 회복이 매우 빨라 보통 수술 후 며칠 내로 선명한 시력을 얻을 수 있습니다! ⏱️

⚡ ICL 렌즈 삽입술은 고도근시, 난시가 있거나 각막 문제로 레이저 수술이 어려운 분들에게 특히 적합하며, 안전성이 높고 효과가 오래 지속됩니다! 👓🚫

어떤 수술을 더 생각하고 계신가요?"
,시술정보,시력교정술,수술특징,ICL 렌즈 삽입술과 라식 수술 중 어떤 것이 더 좋은 수술인가요?,
,시술정보,시력교정술,수술특징,ICL이랑 스마일라식 중에 뭐가 나아요?,"네, 고객님, SMILE LASIK과 ICL 렌즈삽입술에 대해서 안내해드리겠습니다.

SMILE (스마일) | 스마일 라식
시술 방법: 각막 절편을 만들 필요 없이 펨토초 레이저를 사용하는 최소 침습 수술입니다.
특징: 통증이 적고 회복이 빠르며, 부작용의 위험이 낮습니다.
일상생활 복귀 소요 시간: 1-2일 이내 (개인차 있음)

ICL 렌즈 삽입술은 고도근시이거나 각막이 얇아 레이저 시력 교정술이 어려운 분들에게 특히 적합한 최신 시력 교정 방법이에요!

1. 최소 절개
ICL은 레이저 수술과 달리 각막을 깎아내지 않아요. 의사가 각막 가장자리에 약 3mm 정도의 아주 작은 절개창을 만들어 인공 렌즈를 삽입하죠! 🔍
2. 렌즈 삽입
ICL은 눈 안에 삽입하는 인공 렌즈로, 콘택트렌즈와 비슷하지만 영구적으로 눈 안에 자리하게 되어 이물감이 느껴지지 않아요. 렌즈는 홍채와 수정체 사이에 안착되어 시력을 교정하고 빛이 망막에 더 잘 초점을 맞추도록 도와줍니다. 💡
3. 회복과 효과
수술 후 절개창은 자연적으로 아물기 때문에 따로 봉합할 필요가 없어요. ICL 렌즈는 영구적으로 눈 안에 둘 수 있고, 필요에 따라 언제든 제거하거나 교체할 수도 있습니다. 시력 회복이 매우 빨라 보통 수술 후 며칠 내로 선명한 시력을 얻을 수 있습니다! ⏱️

⚡ ICL 렌즈 삽입술은 고도근시, 난시가 있거나 각막 문제로 레이저 수술이 어려운 분들에게 특히 적합하며, 안전성이 높고 효과가 오래 지속됩니다! 👓🚫

어떤 수술을 더 생각하고 계신가요?"
,시술정보,시력교정술,수술특징,ICL 렌즈 삽입술과 스마일라식 수술 중 어떤 것이 더 좋은 수술인가요?,
,시술정보,시력교정술,수술특징,ICL 렌즈 삽입술과 LASEK 수술 중 어떤 것이 더 좋은 수술인가요?,"네, 고객님. LASEK 과 ICL 렌즈삽입술에 대한 안내 도와드리겠습니다.

LASEK (라섹) | 레이저 굴절 각막 상피 절삭술
시술 방법: 각막 상피를 제거한 후 엑시머 레이저를 사용하여 시력을 교정하는 기술입니다.
특징: 라식에 비해 외부 충격에 대한 저항력이 강하지만, 회복 기간이 더 깁니다.
일상생활 복귀 소요 시간: 2-5일 이내 (개인차 있음)

ICL 렌즈 삽입술은 고도근시이거나 각막이 얇아 레이저 시력 교정술이 어려운 분들에게 특히 적합한 최신 시력 교정 방법이에요!

1. 최소 절개
ICL은 레이저 수술과 달리 각막을 깎아내지 않아요. 의사가 각막 가장자리에 약 3mm 정도의 아주 작은 절개창을 만들어 인공 렌즈를 삽입하죠! 🔍
2. 렌즈 삽입
ICL은 눈 안에 삽입하는 인공 렌즈로, 콘택트렌즈와 비슷하지만 영구적으로 눈 안에 자리하게 되어 이물감이 느껴지지 않아요. 렌즈는 홍채와 수정체 사이에 안착되어 시력을 교정하고 빛이 망막에 더 잘 초점을 맞추도록 도와줍니다. 💡
3. 회복과 효과
수술 후 절개창은 자연적으로 아물기 때문에 따로 봉합할 필요가 없어요. ICL 렌즈는 영구적으로 눈 안에 둘 수 있고, 필요에 따라 언제든 제거하거나 교체할 수도 있습니다. 시력 회복이 매우 빨라 보통 수술 후 며칠 내로 선명한 시력을 얻을 수 있습니다! ⏱️

⚡ ICL 렌즈 삽입술은 고도근시, 난시가 있거나 각막 문제로 레이저 수술이 어려운 분들에게 특히 적합하며, 안전성이 높고 효과가 오래 지속됩니다! 👓🚫

어떤 수술을 더 생각하고 계신가요?"
,시술정보,시력교정술,수술특징,ICL이랑 LASEK 중에 뭐가 나아요?,
시술정보_시력교정술_추가교정,시술정보,시력교정술,추가교정,수술 후에도 난시가 남아있을 경우 추가 교정이 가능한가요?,"네, 고객님. 수술 후 미세하게 난시가 남거나, 시간이 지나면서 난시가 다시 발생하는 경우 추가 교정 가능 여부를 검토해볼 수 있습니다. 
각막의 두께 등 눈의 조건이 허락한다면 추가 교정을 통해 시력의 질을 높일 수 있습니다."
시술정보_노안수술_회복기간,시술정보,노안수술,회복기간,노안 교정 라식이나 라섹 수술 후 시력이 완전히 안정되기까지 회복 기간은 얼마나 걸리나요?,"네, 고객님. 수술 후 시력이 완전히 안정되기까지는 개인차가 있지만 보통 1~3개월 정도 소요될 수 있습니다.
수술후 주의사항에 대해서 안내해드리겠습니다!
눈 비비지 않기: 눈을 비비거나 만지는 것을 피해야 합니다. 😊
안약과 인공눈물 사용: 의사의 지시에 따라 안약과 인공눈물을 꾸준히 사용해야 합니다. 💦
자외선 차단: 선글라스, 모자 등을 착용하여 자외선으로부터 눈을 보호해야 합니다. 😎
정기적인 안과 검진: 수술 후에는 정기적으로 안과 검진을 받아 눈 상태를 확인해야 합니다. 🏥
장시간 눈 사용 피하기: 수술 후 약 1주일 동안은 컴퓨터, 스마트폰 등을 장시간 사용하는 것을 피해야 합니다. 😂
사우나 및 수영장 피하기: 수술 후 약 한 달 동안은 사우나와 수영장 이용을 피해야 합니다. 👀
음주 피하기 : 수술 후 음주는 염증을 유발하고 회복을 더디게 할 수 있으므로, 최소 2주간은 반드시 금주하셔야 합니다. 이후 한 달까지는 과음을 피하시는 것이 안전한 회복에 도움이 됩니다."
,시술정보,노안수술,회복기간,노안 수술 회복 얼마나 걸려요?,
시술정보_노안수술_가능여부,시술정보,노안수술,가능여부,근시는 없는데 노안만 150도 정도 왔어요. 수술 가능한가요?,"네, 고객님. 근시와 노안이 동시에 있는 경우, 최적의 시력 효과를 위해 환자분의 특정 상황에 맞춰 레이저 데이터를 조절합니다.

👁️ 수술 원리
주시안: 근시를 완벽하게 교정하여 멀리 볼 때 최고의 시력을 얻도록 합니다.
반대쪽 눈: 가까운 물체를 볼 때의 선명도를 높이기 위해 근시 도수를 일부 남겨둡니다.
이렇게 하면 양쪽 눈을 함께 사용했을 때 멀리 보는 시력과 가까이 보는 시력 모두 좋은 상태를 유지할 수 있습니다.💗

🌙 주의사항
부분적으로 근시가 남아있기 때문에 야간 운전 등 특정 상황에서는 시야가 선명하지 않을 수 있어 얇은 안경 착용이 필요할 수도 있습니다.
하지만 노안 레이저 수술을 통해 안경 착용 시간을 80% 줄일 수 있습니다!😃

✔️ 수술 방식
LASIK (라식) 또는 LASEK (TPRK)
가격: 249만원
검사 당일 수술 시 10만원 할인 적용! 💕

✅ 권장 연령
47세 이전에 수술을 권장하며, 이 연령을 초과하는 경우 향후 백내장 수술을 통해 교정하는 것을 고려하는 것이 좋습니다. 🥰

또 다른 증상이 있으실까요? 추가로 말씀해주시면 상담도와드리겠습니다!"
,시술정보,노안수술,가능여부,노안이 있는데 시력교정 수술을 받을 수 있나요?,
,시술정보,노안수술,가능여부,노안만 있는데 수술 되나요? ,
,시술정보,노안수술,가능여부,노안 수술 돼요?,
시술정보_노안수술_백내장연관성,시술정보,노안수술,백내장연관성,노안 교정을 위한 라식 수술이 나중에 백내장이 생길 위험을 줄여주거나 높이나요?,"네, 고객님. 노안 라식/라섹은 각막을 교정하는 수술이고, 백내장은 눈 속의 수정체가 혼탁해지는 질환으로 발생 부위가 다릅니다. 
따라서 노안 수술이 백내장의 발생 위험을 높이거나 낮추지는 않습니다. 
노안 수술 후에도 나이가 들면 자연스럽게 백내장이 생길 수 있습니다.
현재 백내장 증상이 있으신가요?"
,시술정보,노안수술,백내장연관성,노안 라식하면 백내장 안 생겨요?,
시술정보_노안수술_수술연령,시술정보,노안수술,수술연령,노안 레이저 수술을 받기에 적절한 연령대가 있나요?,"네, 고객님. 노안 수술은 보통 노안이 시작되는 40대 중반부터 50대 고객님들께서 가장 많이 고려하십니다. 
하지만 연령 자체가 절대적인 기준은 아니며, 눈의 노화 상태와 전반적인 건강 상태에 따라 수술 가능 여부가 결정됩니다.

👁️ 수술 원리
주시안: 근시를 완벽하게 교정하여 멀리 볼 때 최고의 시력을 얻도록 합니다.
반대쪽 눈: 가까운 물체를 볼 때의 선명도를 높이기 위해 근시 도수를 일부 남겨둡니다.
이렇게 하면 양쪽 눈을 함께 사용했을 때 멀리 보는 시력과 가까이 보는 시력 모두 좋은 상태를 유지할 수 있습니다.💗

🌙 주의사항
부분적으로 근시가 남아있기 때문에 야간 운전 등 특정 상황에서는 시야가 선명하지 않을 수 있어 얇은 안경 착용이 필요할 수도 있습니다.
하지만 노안 레이저 수술을 통해 안경 착용 시간을 80% 줄일 수 있습니다!😃

✔️ 수술 방식
LASIK (라식) 또는 LASEK (TPRK)
가격: 249만원
검사 당일 수술 시 10만원 할인 적용! 💕

✅ 권장 연령
47세 이전에 수술을 권장하며, 이 연령을 초과하는 경우 향후 백내장 수술을 통해 교정하는 것을 고려하는 것이 좋습니다. 🥰

또 다른 증상이 있으실까요? 추가로 말씀해주시면 상담도와드리겠습니다!"
,시술정보,노안수술,수술연령,노안 교정 수술은 몇 살까지 받을 수 있나요?,
,시술정보,노안수술,수술연령,노안 레이저 수술에 연령 제한이 있나요?,
,시술정보,노안수술,수술연령,몇 살까지 노안 수술 가능해요?,
,시술정보,노안수술,수술연령,노안 수술 나이 제한,
시술정보_노안교정_수술원리,시술정보,노안수술,수술원리,노안 레이저 수술은 어떤 원리로 시력을 교정하나요?,"네, 고객님. 노안 수술은 보통 노안이 시작되는 40대 중반부터 50대 고객님들께서 가장 많이 고려하십니다. 
하지만 연령 자체가 절대적인 기준은 아니며, 눈의 노화 상태와 전반적인 건강 상태에 따라 수술 가능 여부가 결정됩니다.

👁️ 수술 원리
주시안: 근시를 완벽하게 교정하여 멀리 볼 때 최고의 시력을 얻도록 합니다.
반대쪽 눈: 가까운 물체를 볼 때의 선명도를 높이기 위해 근시 도수를 일부 남겨둡니다.
이렇게 하면 양쪽 눈을 함께 사용했을 때 멀리 보는 시력과 가까이 보는 시력 모두 좋은 상태를 유지할 수 있습니다.💗

🌙 주의사항
부분적으로 근시가 남아있기 때문에 야간 운전 등 특정 상황에서는 시야가 선명하지 않을 수 있어 얇은 안경 착용이 필요할 수도 있습니다.
하지만 노안 레이저 수술을 통해 안경 착용 시간을 80% 줄일 수 있습니다!😃

✔️ 수술 방식
LASIK (라식) 또는 LASEK (TPRK)
가격: 249만원
검사 당일 수술 시 10만원 할인 적용! 💕

✅ 권장 연령
47세 이전에 수술을 권장하며, 이 연령을 초과하는 경우 향후 백내장 수술을 통해 교정하는 것을 고려하는 것이 좋습니다. 🥰

또 다른 증상이 있으실까요? 추가로 말씀해주시면 상담도와드리겠습니다!"
,시술정보,노안수술,수술원리,노안 수술 어떻게 해요?,
,시술정보,노안수술,수술원리,노안 라식이 뭐예요?,
,시술정보,노안수술,수술차이,노안 라식 수술과 노안 라섹 수술은 일반 라식/라섹과 어떻게 다른 건가요?,"네, 고객님. 노안 라식/라섹 수술은 일반 라식/라섹 수술과 시력 교정의 목표와 방식에서 차이가 있습니다.

일반 라식/라섹 수술은 주로 근시, 난시, 원시와 같은 단일 굴절 이상을 교정하여 원거리 시력을 선명하게 만드는 데 중점을 둡니다. 양쪽 눈 모두를 목표 시력(보통 원거리 1.0)에 맞춰 교정합니다.
노안 라식/라섹 수술(노안 근시 레이저 수술)은 근시와 함께 찾아오는 노안을 동시에 교정합니다,

일반 라식/라섹이 '선명한 한 초점'을 목표로 한다면, 노안 라식/라섹은 '두 개의 초점'을 만들어 원근감을 확보하는 방식이라고 할 수 있습니다.

👁️ 노안 수술 원리
주시안: 근시를 완벽하게 교정하여 멀리 볼 때 최고의 시력을 얻도록 합니다.
반대쪽 눈: 가까운 물체를 볼 때의 선명도를 높이기 위해 근시 도수를 일부 남겨둡니다.
이렇게 하면 양쪽 눈을 함께 사용했을 때 멀리 보는 시력과 가까이 보는 시력 모두 좋은 상태를 유지할 수 있습니다.💗

🌙 주의사항
부분적으로 근시가 남아있기 때문에 야간 운전 등 특정 상황에서는 시야가 선명하지 않을 수 있어 얇은 안경 착용이 필요할 수도 있습니다.
하지만 노안 레이저 수술을 통해 안경 착용 시간을 80% 줄일 수 있습니다!😃

✔️ 수술 방식
LASIK (라식) 또는 LASEK (TPRK)
가격: 249만원
검사 당일 수술 시 10만원 할인 적용! 💕

✅ 권장 연령
47세 이전에 수술을 권장하며, 이 연령을 초과하는 경우 향후 백내장 수술을 통해 교정하는 것을 고려하는 것이 좋습니다. 🥰

또 다른 증상이 있으실까요? 추가로 말씀해주시면 상담도와드리겠습니다!"
시술정보_노안교정_스마일라식,시술정보,노안수술,스마일라식,노안인데 스마일도 있나요?,"네, 고객님. 노안 교정을 위한 스마일라식수술은 제공하지 않고있습니다.
노안 수술후 시력효과가 라식/라섹보다 우수하지 않기 떄문입니다.

👁️ 노안 수술 원리
주시안: 근시를 완벽하게 교정하여 멀리 볼 때 최고의 시력을 얻도록 합니다.
반대쪽 눈: 가까운 물체를 볼 때의 선명도를 높이기 위해 근시 도수를 일부 남겨둡니다.
이렇게 하면 양쪽 눈을 함께 사용했을 때 멀리 보는 시력과 가까이 보는 시력 모두 좋은 상태를 유지할 수 있습니다.💗

🌙 주의사항
부분적으로 근시가 남아있기 때문에 야간 운전 등 특정 상황에서는 시야가 선명하지 않을 수 있어 얇은 안경 착용이 필요할 수도 있습니다.
하지만 노안 레이저 수술을 통해 안경 착용 시간을 80% 줄일 수 있습니다!😃

✔️ 수술 방식
LASIK (라식) 또는 LASEK (TPRK)
가격: 249만원
검사 당일 수술 시 10만원 할인 적용! 💕

✅ 권장 연령
47세 이전에 수술을 권장하며, 이 연령을 초과하는 경우 향후 백내장 수술을 통해 교정하는 것을 고려하는 것이 좋습니다. 🥰

또 다른 증상이 있으실까요? 추가로 말씀해주시면 상담도와드리겠습니다!"
,시술정보,노안수술,스마일라식,노안인데 스마일은 얼마에요?,
,시술정보,노안수술,스마일라식,노안인데 스마일라식도 가능한가요?,
,시술정보,노안수술,스마일라식,노안인데 스마일라식은 얼마에요?,
시술정보_노안교정_비용,시술정보,노안수술,비용,노안 레이저 수술은 어떤 방법으로 진행되고 가격은 얼마인가요?,"네, 고객님. 노안 시력교정술에 대해서 안내해드리겠습니다!
👁️ 노안 수술 원리
주시안: 근시를 완벽하게 교정하여 멀리 볼 때 최고의 시력을 얻도록 합니다.
반대쪽 눈: 가까운 물체를 볼 때의 선명도를 높이기 위해 근시 도수를 일부 남겨둡니다.
이렇게 하면 양쪽 눈을 함께 사용했을 때 멀리 보는 시력과 가까이 보는 시력 모두 좋은 상태를 유지할 수 있습니다.💗

🌙 주의사항
부분적으로 근시가 남아있기 때문에 야간 운전 등 특정 상황에서는 시야가 선명하지 않을 수 있어 얇은 안경 착용이 필요할 수도 있습니다.
하지만 노안 레이저 수술을 통해 안경 착용 시간을 80% 줄일 수 있습니다!😃

✔️ 수술 방식
LASIK (라식) 또는 LASEK (TPRK)
가격: 249만원
검사 당일 수술 시 10만원 할인 적용! 💕

✅ 권장 연령
47세 이전에 수술을 권장하며, 이 연령을 초과하는 경우 향후 백내장 수술을 통해 교정하는 것을 고려하는 것이 좋습니다. 🥰

또 다른 증상이 있으실까요? 추가로 말씀해주시면 상담도와드리겠습니다!"
,시술정보,노안수술,비용,노안비용은 얼마에요?,
,시술정보,노안수술,비용,노안라식비용은 얼마에요?,
,시술정보,노안수술,비용,노안라섹비용은 얼마에요?,
,시술정보,노안수술,비용,"다초점 렌즈를 이용한 노안, 백내장 수술 비용은 대략 어느 정도인가요? ","네, 고객님. 다초점 렌즈를 이용한 노안, 백내장 수술 비용에 대해서 안내해드리겠습니다.
노안 ICL 비용은 700만원

백내장 수술 비용 안내 ❣
백내장 수술 비용은 삽입되는 인공 수정체의 초점 및 브랜드 선택에 따라 달라집니다.
한쪽 눈 기준으로 250만 원에서 700만 원 사이입니다.

인공 수정체 종류별 가격 (단안 기준)
EYHANCE (아이핸스) 인공 수정체: 700만원
SYNERGY (시너지) 인공 수정체: 700만원
PURSEE (퍼시) 인공 수정체: 일반 320만원 / 난시 350만원
INTENSITY (인텐시티) 인공 수정체: 400만원
IHAN'S (아이한스) 인공 수정체: 250만원
SYMMETRY (시메트리) 인공 수정체: 700만원
PresbyZEN (프레즈비젠) 인공 수정체: 600만원

수술 시간: 10~20분

양쪽 눈 수술 시: 이틀에 나누어 진행되며, 수술 후 셋째 날 내원 검진 후 출국 가능합니다.🫡

✨ 정확한 인공 수정체 추천은 정밀 검사 후 원장님께서 환자분의 눈 상태에 맞춰 자세히 안내해 드릴 예정입니다.

또 다른 증상이 있으실까요? 추가로 말씀해주시면 상담도와드리겠습니다!"
시술정보_스마일라식_당일수술,시술정보,스마일라식,당일수술,,"네, 고객님. 눈 상태가 적합하고 스케줄이 허락한다면 검사 후 당일 스마일라식 수술이 가능합니다. 
원활한 진행을 위해 당일 수술을 원하실 경우, 늦어도 평일 오후 4시 30분, 토요일 오전 11시까지는 내원해주시는 것을 권장합니다.
추가적으로 궁금하신 내용있으실까요?"
시술정보_스마일라식_장비,시술정보,스마일라식,장비,스마일라식 수술할 때 사용하는 기계 브랜드가 뭔가요?,"네, 고객님. 저희 병원은 Zeiss사의 최신 장비인 비쥬맥스(VisuMax)를 사용하여 스마일라식을 진행합니다. 
비쥬맥스는 낮은 압력의 레이저 조사로 각막 손상을 최소화하여 수술의 안정성을 높이고, 빠르고 정교한 수술을 통해 더 나은 시력의 질을 제공하는 것으로 알려진 우수한 장비입니다.
저희답변이 도움이 되셨을까요? 추가적으로 궁금하신 내용있으실까요?"
,시술정보,스마일라식,장비,스마일라식에 사용되는 VISUMAX 장비와 ZIEMER Z8 장비의 차이점이 뭔가요?,"스마일 라식 수술에 사용되는 VISUMAX (비쥬맥스) 장비와 ZIEMER Z8 (지머 Z8) 장비는 모두 펨토초 레이저를 기반으로 하는 장비이지만, 각각의 특징과 스마일 수술 구현 방식에서 차이가 있습니다.

1. VISUMAX (비쥬맥스) - ZEISS (자이스) 사
오리지널 스마일(SMILE) 장비: 비쥬맥스는 스마일 수술의 원조 장비로 널리 알려져 있습니다. 스마일 수술이라는 용어 자체가 자이스의 ReLEx SMILE에서 유래했습니다.


ZIEMER Z8
다목적 펨토초 레이저: 지머 Z8은 스마일과 유사한 렌티큘 추출 방식 (CLEAR, SILK 등) 외에도 라식 절편 생성, 백내장 수술, 각막 내 링 삽입 등 다양한 안과 수술에 활용될 수 있는 다목적 장비입니다.

저희는 ZIEMER FEMTO Z8를 사용하고 있습니다!
저희답변이 도움이 되셨을까요? 추가적으로 궁금하신 내용있으실까요?"
,시술정보,스마일라식,장비,스마일 기계 뭐 써요?,
,시술정보,스마일라식,장비,비쥬맥스랑 Z8 차이가 뭔가요?,
시술정보_ICL_렌즈도수,시술정보,ICL,렌즈도수,ICL 렌즈 도수를 높이면 부작용이 생길 가능성이 있나요?,"네, 고객님. ICL 렌즈는 정밀 검사를 통해 고객님의 눈에 가장 정확하고 안전한 도수로 주문 제작됩니다. 
임의로 도수를 조절하는 것은 불가능하며, 도수가 맞지 않는 렌즈는 난시, 빛 번짐 등의 부작용을 유발할 수 있어 절대 사용하지 않습니다.
시력정보와 노안 및 다른증상을 알려주시겠어요? 안내 도와드리겠습니다!"
,시술정보,ICL,렌즈도수, ICL 렌즈 도수를 더 높게 또는 낮게 조절할 수 있나요?,
시술정보_ICL_렌즈재고,시술정보,ICL,렌즈재고,검사 당일 제 눈에 맞는 ICL 렌즈가 병원에 없다면 어떻게 되나요?,"네, 고객님. ICL 렌즈는 개인 맞춤형으로 제작되므로, 검사 당일 고객님께 맞는 렌즈가 병원에 없을 수 있습니다. 
이 경우 렌즈를 주문하고, 렌즈가 병원에 도착하는 다음날 오전에 맞춰 수술 일정을 다시 조율하게 됩니다.
한국방문일정이 어떻게 되시나요? 수술후 진료일정까지 확인 도와드리겠습니다!"
,시술정보,ICL,렌즈재고,검사 당일 제 눈에 맞는 ICL 렌즈가 병원에 없다면 수술 못 받나요?,
,시술정보,ICL,렌즈재고,ICL 렌즈 없으면 수술 못해요?,
시술정보_ICL_체류기간,시술정보,ICL,체류기간,ICL 수술을 받으면 한국에 얼마나 머물러야 하나요?,"네, 고객님. ICL 수술의 경우, 최소한 수술일과 수술 다음 날 경과 확인을 위해 이틀은 필요합니다. 
안정적인 회복 확인을 위해 최소 2일에서 1주일 정도 체류하시는 것을 권장해 드립니다.
한국방문일정이 어떻게 되시나요? 수술후 진료일정까지 확인 도와드리겠습니다!"
,시술정보,ICL,체류기간,ICL 수술하고 바로 출국해도 되나요?,
시술정보_ICL_회복기간,시술정보,ICL,회복기간,ICL 수술 후 회복하는 데 얼마나 걸리나요?,"네, 고객님. ICL(렌즈삽입술)은 각막을 그대로 보존하기 때문에 회복이 매우 빠른 수술입니다. 
대부분의 경우 수술 당일부터 교정된 시력으로 일상생활이 가능하며, 시력이 완전히 안정되기까지는 개인차가 있을 수 있습니다."
예약일정_예약방법_가예약,예약일정,예약방법,가예약,"아직 한국 방문 날짜를 정확히 못 정했는데, 미리 예약을 걸어둘 수 있나요? ","네, 고객님. 대략적인 한국 방문 일정을 알려주시면 가예약을 도와드릴 수 있습니다. 
이후 정확한 날짜가 정해지면 우선적으로 스케줄을 확정해 드립니다.
나중에 일정을 조율해드릴 수 있으니 예약정보에 맞춰서 제출해주시면 예약도와드리겠습니다!"
예약일정_예약방법_시간선택,예약일정,예약방법,시간선택,보통 예약은 어떤 시간대에 가능한가요? ,"네, 고객님. 예약은 진료 시간 내(평일 09시~18시, 토요일 09시~11시)에 모두 가능합니다. 
원하시는 시간을 말씀해주시면 대기시간이 없는 시간으로 최대한 맞춰서 예약을 도와드리겠습니다. 
비교적 여유로운 평일 오전을 추천해 드립니다.
방문을 계획하고 있는 일정을 말씀해주시겠어요?"
,예약일정,예약방법,시간선택,예약을 피해야 할 시간대가 있나요? ,
,예약일정,예약방법,시간선택,오전 9시 30분에 예약하고 방문해도 괜찮을까요?,
,예약일정,예약방법,시간선택,수술 다음 날 후속 진료를 오전 10시로 예약할 수 있을까요?,
예약일정_예약방법_예약안내,예약일정,예약방법,예약안내,병원 예약은 어떻게 하나요?,"네, 고객님. 아래 예약 양식에 맞춰서 제출해주시면 예약도와드리겠습니다!
📞 예약 시 다음 정보를 기입해 주세요:
이름 (여권 영문명 + 한자명):
성별:
생년월일:
전화번호:
예약 날짜 및 시간 (일요일 휴진):
한국 보험 유무 (한국 거주자만 기입):
희망 수술 항목:
방문 경로 (친구 소개/IG 광고/IG 인플루언서 영상/구글 검색/샤오홍슈/스레드 등):
동행자 (없으면 공란) :
리뷰 이벤트 참여 여부 (당일수술, 동행자 이벤트 포함):

⏰ 영업시간:
월요일-목요일: 오전 09:30 ~ 오후 18:30
(13시 점심시간) 당일 수술 예약 가능 시간: 09:30-11:00, 14:00
금요일: 오전 09:30 ~ 오후 21:00
(13시 점심시간) 당일 수술 예약 가능 시간: 09:30-11:00, 14:00

토요일: 오전 09:30 ~ 오후 14:00
(당일 수술 예약 마감 시간: 09:30)

📍 힐링안과 위치:
서울특별시 강남구 강남대로 470, 10~11층 (역삼동, 808타워)"
,예약일정,예약방법,예약안내,예약하고 싶어요,
예약일정_예약변경_절차,예약일정,예약변경,절차,예약을 변경하고싶어요,"네, 고객님. 예약 변경 도와드리겠습니다. 
기존 예약 날짜와 성함을 말씀해주시고, 새로 원하시는 날짜와 시간을 2~3개 정도 알려주시면 가능한 시간을 확인하여 변경해 드리겠습니다."
예약일정_예약시간지연_안내,예약일정,예약시간지연,안내,예약 시간에 늦을 것 같은데 어떻게 해야 하나요?,"네, 고객님. 괜찮습니다. 혹시 예상 도착 시간을 알려주실 수 있을까요? 
미리 알려주시면 최대한 대기 시간 없이 진료받으실 수 있도록 일정을 조율해 보겠습니다. 조심히 오세요."
,예약일정,예약시간지연,안내,늦을 거 같아요,
예약일정_예약취소_위약금,예약일정,예약취소,위약금,예약 취소 시 별도의 위약금이나 불이익이 있나요?  예약 취소하면 돈 내나요?,"네, 고객님. 일반 진료 예약은 위약금 없이 취소 가능합니다. 
다만, 수술 예약의 경우 예약금이 발생하며, 당일 취소 시 예약금 환불이 어려울 수 있으니 최소 하루 전에는 연락 주시기 바랍니다."
예약일정_예약취소_절차,예약일정,예약취소,절차,예약을 취소하고싶어요,"네, 고객님. 예약 취소 도와드리겠습니다. 
예약하신 성함과 날짜를 말씀해주시면 바로 취소 처리해 드리겠습니다."
상담_응답지연_미답변,상담,응답지연,미답변,문의가 많아 답변이 늦어질 수도 있나요?,"고객님, 문의량이 많아 답변이 지연된 점 진심으로 사과드립니다. 
순차적으로 확인하여 최대한 신속하게 답변드릴 수 있도록 노력하겠습니다. 
조금만 더 기다려주시면 상담원 연결 도와드리겠습니다!"
,상담,응답지연,미답변,왜 이렇게 답이 없어요?,
기타문의_서류발급_영수증,기타문의,서류발급,영수증,의료비 영수증이나 진료 상세 내역서를 발급받고 싶습니다. 어떻게 해야 하나요? ,"네, 고객님. 진료비 영수증, 진료 상세 내역서 등 필요한 서류는 데스크에 요청하시면 즉시 발급해 드리고 있습니다. 
보험 청구 등 특정 목적에 필요한 서류가 있으시면 미리 말씀해주세요."
,기타문의,서류발급,영수증,진료비 영수증 주세요,
기타문의_소요시간_검사,기타문의,소요시간,검사,병원에서 시력 검사나 수술 전 검사를 받는데 시간은 대략 얼마나 걸리나요?,"네, 고객님. 수술 전 정밀 검사는 50여 가지 항목으로 진행되며, 상담까지 포함하여 약 3시간 ~ 3시간 30분 정도 소요됩니다.
대기 시간에 따라 조금 더 소요될 수 있습니다.
다음 일정이 있다면 미리 말씀해주시면 조율 도와드리겠습니다"
,기타문의,소요시간,검사,검사 얼마나 걸려요?,
기타문의_소요시간_전체,기타문의,소요시간,검사,"병원에서 검사부터 진료, 상담까지 다 받는데 총 얼마나 걸릴까요?",
,기타문의,소요시간,검사,병원에 얼마나 있어야 해요? ,
수술후_소요시간_퇴원,수술후,소요시간,퇴원,수술 당일 몇 시쯤 병원에서 나올 수 있나요? (퇴원 시간) ,"네, 고객님. 수술 자체는 10~20분 내외로 짧지만, 수술 전 준비와 수술 후 회복실에서의 휴식 시간 등을 포함하면 약 3시간 ~ 3시간 30분 정도 병원에 머무시게 됩니다.
대기 시간에 따라 조금 더 소요될 수 있습니다.
다음 일정이 있다면 미리 말씀해주시면 조율 도와드리겠습니다"
,수술후,소요시간,퇴원,수술하고 언제 집에 가요?,
방문전_진료관련_동반진료,방문전,진료관련,동반진료,저랑 같이 가는 사람도 같은 진료를 받을 수 있나요?,"네, 그럼요. 동반하신 분도 동일하게 상담, 검사, 진료를 받으실 수 있습니다. 
예약을 진행하실 때 동행자분 예약정보를 함께 알려주시면 더욱 원활한 진행이 가능합니다.
동행자분과 함께 수술하시면 10만원 할인 이벤트를 적용해드리고 있습니다.
당일에 함께 수술하신다면 10만원 할인 이벤트를 적용해드려 최대 20만원까지 수술비용 할인 이벤트를 적용해드립니다.
동행하시는 분이 계신가요?"
,방문전,진료관련,동반진료,친구도 같이 수술 가능한가요?,
기타문의_진료관련_진료결과,기타문의,진료관련,진료결과,진단이나 치료 결과는 어떻게 확인할 수 있나요?,"네, 고객님. 모든 검사 결과와 진단 내용은 담당 전문의가 상담 시에 차트를 보여드리며 알기 쉽게 직접 설명해 드립니다. 
궁금한 점은 편하게 모두 질문해주시면 안내 도와드리겠습니다!"
,기타문의,진료관련,진료결과,검사 결과 어떻게 받아요?,
기타문의_통역서비스_지원언어,기타문의,통역서비스,지원언어,혹시 한국어 말고 다른 언어로도 상담이나 진료 지원이 가능한가요?,"네, 고객님. 저희 병원에는 영어, 일본어, 중국어 등 가능한 의료전문 코디네이터가 상주하고 있습니다. 
검사부터 상담, 수술, 그리고 수술 후 관리까지 모든 과정에서 불편함이 없도록 1:1 맞춤 통역 서비스를 제공해 드리니 안심하고 방문해주세요.
어떤 언어 통역이 필요하실까요?"
,기타문의,통역서비스,지원언어,외국어 상담 돼요?,
,기타문의,통역서비스,지원언어,중국어 상담이 필요합니다,
공통_마무리_기본,공통,마무리,기본,,"저희 답변이 도움이 되셨을까요? 추가로 궁금하신 점은 없으실까요? 
언제든지 편하게 다시 문의해주세요. 저희 병원을 찾아주셔서 감사합니다."
시술정보_시력정보_가격,시술정보,시력정보,가격,비용을 알려주세요,"힐링안과 수술 비용에 대해서 안내해드리겠습니다.
✅ LASIK/LASEK(TPRK) : 219만 원
(대만 달러 약 4만 원대)
포함 항목:
각막 강화 치료
자가혈청 안약
Scout 정밀 각막 스캔

✅ SMILE 스마일 라식 : 290만 원
(대만 달러 약 6만 원대)
포함 항목:
자가혈청 안약

✅ 노안 근시 레이저 (LASIK/LASEK) : 249만 원
(대만 달러 약 4.8만 원대)

✅ ICL 렌즈 삽입술 : 550만 원 (양안) / 난시 동반 시 600만 원 (양안)
(대만 달러 약 12만 원대)

✅ 노안 ICL 렌즈 삽입술 : 700만 원 (양안)
(대만 달러 약 15.6만 원대)

고객님께서 생각하고 계신 시술이 있으실까요?"
기타문의_숙박_제휴호텔,기타문의,숙박,제휴호텔,제휴호텔이 있나요?,"🇰🇷 서울 강남 힐링안과 협력 호텔: 오클라우드 호텔💕

주소: 서울 서초구 사평대로58길 12

💭 호텔 예약 시 다음 정보를 기입해 주세요:
이름:
체크인/체크아웃 날짜:
숙박 인원:
객실 타입:
결제 정보
은행:
신용카드 번호:
유효기간:

* 숙박비는 체크인 후 호텔에 직접 지불해 주세요.

더 자세한 정보는 오클라우드 호텔 공식 웹사이트(중국어 소개 포함)에서 확인하실 수 있습니다:
http://www.ocloudhotel.com/view/viewLink.do?page=homepage/CHN/accommodation/famTwin"
,기타문의,숙박,제휴호텔,근처 추천 호텔이 있나요?,
,기타문의,숙박,제휴호텔,근처 호텔을 추천해줄 수 있나요?,
가격_처방_자가혈청,가격,처방,자가혈청,자가혈청은 얼마인가요?,"네, 고객님. 저희 병원에서 수술하신 고객님들께는 자가혈청(PRP)을 추가하신다면 4병에 10만 원입니다.
사용기간은 2주에서 3주 사용 가능합니다."
,가격,처방,자가혈청,자가혈청은 몇병인가요?,
,가격,처방,자가혈청,자가혈청은 얼마나 사용할 수 있나요?,
시술정보_안구건조증_가격,시술정보,안구건조증,가격,안구건조증 치료도 있나요?,"죄송합니다. 저희는 안구건조증 치료는 현재로썬 제공해드리지 않고 있습니다.
검사를 먼저 진행하시고 안구건조증 치료에 대해서 안내를 도와드릴 수 있습니다.
검사비용은 약 15만원정도 발생합니다."
,시술정보,안구건조증,가격,안구건조증 치료도 제공하나요?,
,시술정보,안구건조증,가격,눈이 건조한데 치료 가능한가요?,
,시술정보,안구건조증,가격,건조증 치료도 가능한가요?,
,시술정보,안구건조증,가격,안구건조증 치료가 가능한가요?,
기타문의_시력검사_검사종류,기타문의,시력검사,검사종류,검사는 어떤것을 진행하나요?,"저희의 종합적인 안과 검진은 기본적인 수준을 넘어, 50가지 이상의 세부 테스트를 포함하여 고객님의 눈 건강과 최상의 시력 교정을 보장합니다.

어떤 검사들이 포함되는지 간략하게 소개해 드릴게요:

종합적인 눈 건강 평가:
안압 측정
각막 두께 및 형태 분석
동공 검사
각막 내피세포 수 측정
망막 검사
시신경 평가
황반부 평가

시력 평가 및 측정
시력 (굴절력) 측정
안구 길이 측정
눈부심 민감도 테스트
시축 평가
시력 검사

정밀 검사:
세극등 현미경 검사
눈물막 분석

이 외에도 고객님의 눈 건강에 대한 완전한 정보를 제공하기 위해 광범위한 중요 검사들을 포함하고 있습니다.

저희 답변이 도움이 되셨을까요?"
,기타문의,시력검사,검사종류,검사는 몇가지를 진행하나요?,
,기타문의,시력검사,검사종류,시력검사는 어떻게 진행되나요?,
,기타문의,시력검사,검사종류,검사는 어떻게 진행되나요?,
방문전_예약_예약확정안내,방문전,예약,예약확정안내,,"친애하는 고객님, 안녕하세요!

예약해 주셔서 감사합니다💖

아래는 검사 및 수술 전 필수 확인 사항이니 꼼꼼히 읽어 주시기 바랍니다. 👁

❣️ 검사 및 수술 전 콘택트렌즈 착용 중단
소프트렌즈: 1주일간 착용 중단
난시 교정 소프트렌즈: 3주간 착용 중단
하드렌즈/드림렌즈: 1개월간 착용 중단

❣️ 선글라스 지참 권장
라식/스마일/ICL 수술 후: 선글라스 착용은 필수는 아니지만, 당일 빛 번짐이 있을 수 있습니다.
라섹 수술 후: 6개월 이내 외출 시 선글라스/자외선 차단 안경을 반드시 착용해야 합니다.

⚠ 유의사항
검사 후 당일 수술을 진행하지 않을 경우, 15만 원의 검사 비용이 발생합니다. (수술 시 검사 비용 면제)
수술 후 처방되는 안약은 약국에서 별도로 구매하셔야 하며, 약 6~8만 원 정도 소요됩니다.

🆓 사후 관리 안내
수술 후 3개월 이내 진료는 무료입니다.
기간 초과 시 진료 비용이 발생할 수 있으니 양해 바랍니다.

라식/라섹 : 5만~10만 원
스마일/ICL: 약 15만 원

실제 금액은 검사 항목에 따라 변동될 수 있습니다.

✅ 방문 시 지참 서류
여권 / 외국인등록증을 꼭 지참해 주세요.

📍 힐링안과 위치
서울특별시 강남구 강남대로 470, 10~11층 (역삼동, 808타워)

808타워 도착 후 11층으로 바로 오셔서 통역사를 찾아주시면 됩니다."
방문전_수술전_샤워,방문전,수술전,샤워,수술전 샤워를 해도 되나요?,"시력교정술 수술 전 샤워는 가능합니다. 오히려 수술 전날이나 당일 아침에 미리 깨끗하게 샤워를 하고 오시는 것을 권장합니다.

이는 수술 후 일정 기간 동안 눈에 물이 들어가거나 비누, 샴푸 등이 닿는 것을 피해야 하기 때문입니다. 
특히 수술 당일에는 눈에 직접 물이 닿지 않도록 세안이나 샤워를 삼가는 것이 좋습니다.
머리를 내리고 머리를 감게된다면 안압이 올라갈 수 있어 주의해주셔야합니다.

수술 종류별 샤워 및 세안 가능 시기 (일반적인 기준):
스마일 라식: 수술 다음 날부터 물세안, 샤워, 머리 감기 등 대부분의 일상생활이 가능하다고 안내하는 경우가 많습니다. (단, 눈에 자극을 주거나 안압을 높이는 행동은 피해야 합니다.)
라식: 보통 수술 후 2~3일 이후부터 조심스럽게 물세안이나 샤워가 가능합니다. 눈에 물이나 비눗물이 들어가지 않도록 주의해야 합니다.
라섹: 회복 기간이 라식보다 길기 때문에, 보호렌즈 제거 후 (보통 5~7일 후)부터 샤워나 세안이 가능하다고 안내하는 경우가 많습니다. 그전에는 눈을 피해 조심스럽게 하거나 물수건으로 닦는 것을 권장합니다.
ICL(렌즈삽입술): 병원에 따라 다르지만, 보통 1주일 정도는 눈에 물이 닿지 않도록 주의해야 합니다.



수술 당일에는 화장품, 향수, 선크림 등은 사용하지 않는 것이 좋습니다.

저희 답변이 도움이 되셨을까요?"
방문후_수술후_샤워,방문후,수술후,샤워,수술후 샤워를 해도 되나요?,
방문후_수술후_콘택트렌즈,방문후,수술후,콘택트렌즈,수술후 컨택트렌즈는 언제 낄 수 있나요?,"네, 고객님. 수술후 컨택트렌즈는 1개월 뒤 착용하시는 것을 권장드립니다.

각막의 모양 및 회복효과가 현저히 떨어질 수 있어서 1개월 뒤 진료를 받아보시고 착용 가능여부를 확인하시는것을 권장드립니다!"